timestamp,mode,rms_U,rms_V,rms_W,mean,std,max,min
2024-08-29 02:08:19.626777+00:00,READY,35.7599758,41.29548804,28.28658522,-1.01E-08,0.001219246,0.019868221,-0.019816794
2024-08-29 02:09:19.472124+00:00,READY,33.64855486,40.70420707,32.54159933,-2.58E-08,0.00120479,0.020070896,-0.018912602
2024-08-29 02:10:20.330832+00:00,READY,34.8529547,34.96336037,31.90312075,4.10E-08,0.001013656,0.005802098,-0.004730905
2024-08-29 02:11:20.191068+00:00,READY,43.94600258,42.94025897,32.91734171,-2.45E-08,0.001048075,0.00470945,-0.00464718
2024-08-29 02:12:20.039942+00:00,READY,30.8716679,37.97574808,34.10243185,1.47E-08,0.00100891,0.006248226,-0.005798274
2024-08-29 02:13:19.874171+00:00,READY,30.80592992,33.30456073,29.848402,-5.44E-08,0.000985231,0.005871479,-0.007250536
2024-08-29 02:14:19.727817+00:00,READY,33.24115391,36.86093456,30.42990853,9.54E-09,0.00099479,0.005509831,-0.004966357
2024-08-29 02:15:19.594813+00:00,READY,34.87771857,36.34503901,29.37580117,1.29E-08,0.001013835,0.006216663,-0.005947808
2024-08-29 02:16:19.481862+00:00,READY,39.66738631,35.14517763,29.33429474,1.00E-08,0.001007573,0.004208426,-0.004914549
2024-08-29 02:17:20.372168+00:00,READY,35.38186343,40.42994985,33.35513293,-1.26E-08,0.001219732,0.01873916,-0.018935084
2024-08-29 02:18:20.242456+00:00,READY,31.73844542,36.87468651,32.07198604,2.62E-08,0.001138259,0.02062172,-0.018944934
2024-08-29 02:19:20.125912+00:00,READY,35.78639133,38.93463286,31.30293288,1.44E-08,0.001274129,0.023452826,-0.019040955
2024-08-29 02:20:19.995338+00:00,READY,31.88841524,37.45058905,28.54672692,5.71E-09,0.001047201,0.007031012,-0.00754713
2024-08-29 02:21:19.864032+00:00,READY,34.65073331,35.80664645,29.59604968,4.53E-09,0.001259952,0.019291315,-0.020022139
2024-08-29 02:22:19.707382+00:00,READY,23.77714474,28.27915125,33.73226981,-2.46E-09,0.001242281,0.022260616,-0.023753844
2024-08-29 02:23:19.523692+00:00,READY,25.93857578,41.03644974,26.45071168,-1.05E-07,0.001227124,0.018495874,-0.020079039
2024-08-29 02:24:19.357465+00:00,READY,34.49348382,37.95281271,30.14997944,1.70E-08,0.001126722,0.016143136,-0.01710774
2024-08-29 02:25:20.219462+00:00,READY,29.98617879,39.81377909,26.34962673,4.55E-08,0.00123905,0.022418916,-0.021014037
2024-08-29 02:26:20.063366+00:00,READY,31.49421399,38.02209396,30.45925294,-3.80E-08,0.001267164,0.023138909,-0.020091195
2024-08-29 02:27:19.929384+00:00,READY,27.83599881,33.5322312,32.00904144,2.23E-08,0.001126406,0.018407147,-0.01643338
2024-08-29 02:28:19.790296+00:00,READY,34.86732782,42.33543396,33.18669049,2.13E-08,0.001255292,0.02198359,-0.02245958
2024-08-29 02:29:19.654691+00:00,READY,33.8101672,39.13448215,26.34395402,-1.21E-08,0.001235485,0.019056525,-0.01991315
2024-08-29 02:30:19.503687+00:00,READY,35.76561469,37.74426147,31.87973082,1.41E-08,0.001120959,0.019824985,-0.02066717
2024-08-29 02:31:19.372188+00:00,READY,36.24585149,35.47331743,25.56913494,7.98E-09,0.001246808,0.021464806,-0.019923216
2024-08-29 02:32:20.264801+00:00,READY,36.25920076,33.17951871,32.94700408,-1.15E-08,0.001244626,0.018495709,-0.020239655
2024-08-29 02:33:20.132211+00:00,READY,32.76182954,30.6974064,30.0665683,3.13E-08,0.001139423,0.020740142,-0.017337365
2024-08-29 02:34:19.987010+00:00,READY,39.93977934,30.75207354,31.55838979,-4.35E-08,0.001225041,0.019692468,-0.019756423
2024-08-29 02:35:19.841930+00:00,READY,33.83985309,32.57883331,30.93137299,-7.40E-09,0.001164872,0.020518327,-0.015965207
2024-08-29 02:36:19.710471+00:00,READY,36.4785407,32.69388936,33.22052025,7.38E-09,0.000996234,0.006484409,-0.005760264
2024-08-29 02:37:19.544506+00:00,READY,30.29092795,37.35410361,30.09019641,-8.14E-09,0.001006379,0.004694779,-0.004875953
2024-08-29 02:38:19.381621+00:00,READY,34.53587734,36.72151673,33.1618105,2.20E-08,0.001014047,0.004772139,-0.005081108
2024-08-29 02:39:20.223296+00:00,READY,25.70344782,35.02836206,31.59405975,-2.01E-08,0.001052404,0.007580522,-0.006949336
2024-08-29 02:40:20.075934+00:00,READY,31.71713235,38.37906441,29.8989114,-2.33E-08,0.001097063,0.005404016,-0.005118044
2024-08-29 02:41:19.908281+00:00,READY,29.16517287,25.72001791,27.79296192,5.84E-09,0.0010436,0.005619954,-0.005029484
2024-08-29 02:42:19.755872+00:00,READY,37.827621,39.80742712,34.24230519,-1.48E-08,0.001040421,0.005231137,-0.004892347
2024-08-29 02:43:19.619770+00:00,READY,33.58480015,42.23524587,30.63855636,2.34E-08,0.000966807,0.004824581,-0.00545383
2024-08-29 02:44:19.457745+00:00,READY,28.13754973,32.83590232,35.0786331,-7.97E-09,0.000967886,0.006045628,-0.005068749
2024-08-29 02:45:19.310524+00:00,READY,37.6826256,38.036559,31.18857561,-2.53E-08,0.001020982,0.004815724,-0.005179061
2024-08-29 02:46:20.187071+00:00,READY,39.26836549,39.84304186,32.92550289,-2.68E-08,0.001054832,0.007097964,-0.007417869
2024-08-29 02:47:20.031761+00:00,READY,33.98363124,32.85477966,30.31536169,-7.17E-09,0.001012326,0.004993949,-0.004924962
2024-08-29 02:48:19.874333+00:00,READY,31.75990504,35.20158572,28.669498,1.96E-08,0.000994386,0.00579015,-0.005777527
2024-08-29 02:49:19.813020+00:00,READY,24.56168467,29.75892786,26.4884922,-2.17E-08,0.001017519,0.004390389,-0.004790322
2024-08-29 02:50:19.648368+00:00,READY,25.6567089,32.36438665,31.61029124,-6.01E-09,0.001009138,0.005139624,-0.00538365
2024-08-29 02:51:19.486701+00:00,READY,32.5628652,39.06661303,29.99300626,-6.28E-10,0.0009455,0.005179661,-0.005645585
2024-08-29 02:52:19.338232+00:00,READY,28.99331236,38.47313922,33.89882331,1.95E-08,0.00099007,0.005844102,-0.005205148
2024-08-29 02:53:20.217051+00:00,READY,25.96592438,36.90605486,32.74095175,-1.07E-08,0.001017457,0.006053099,-0.005923457
2024-08-29 02:54:20.067021+00:00,READY,26.21521091,35.47965448,24.62584672,3.24E-09,0.000993233,0.005150558,-0.004639812
2024-08-29 02:55:19.926564+00:00,READY,41.8097195,37.82906724,28.61164245,-1.92E-08,0.001008199,0.004313021,-0.004572453
2024-08-29 03:01:31.888636+00:00,READY,26.91491769,24.5125846,28.78811953,-2.89E-08,0.001213623,0.021514852,-0.023842236
2024-08-29 03:02:31.776920+00:00,READY,31.09557321,34.76099388,31.55464799,2.57E-08,0.001087877,0.019088749,-0.023290392
2024-08-29 03:03:31.650175+00:00,READY,23.84530718,31.63275962,31.78624019,-2.25E-08,0.001214075,0.020941425,-0.017916963
2024-08-29 03:04:31.505560+00:00,READY,19.12297288,29.13362195,27.02518476,-8.45E-09,0.001128851,0.016587619,-0.020370658
2024-08-29 03:05:31.412968+00:00,READY,35.2373463,41.98494369,25.88554608,2.51E-08,0.001079513,0.018898323,-0.016229987
2024-08-29 03:06:31.272208+00:00,READY,35.05743982,36.0303345,22.45214413,1.59E-09,0.001196003,0.017976461,-0.022077663
2024-08-29 03:07:31.169943+00:00,READY,32.26811764,38.16806376,36.62267864,-2.18E-08,0.001203592,0.021931391,-0.021767145
2024-08-29 03:08:31.039104+00:00,READY,31.80463578,37.07842047,29.64491772,1.37E-08,0.001053472,0.017987357,-0.01675402
2024-08-29 03:09:31.930030+00:00,READY,31.89901502,38.97691816,28.68481537,1.53E-08,0.001185513,0.019704808,-0.021768413
2024-08-29 03:10:31.777135+00:00,READY,27.51592801,36.55506129,31.2662683,-6.46E-08,0.001153889,0.020871522,-0.019394461
2024-08-29 03:11:31.641699+00:00,READY,31.11872883,37.9246958,31.7575614,-3.75E-09,0.001085875,0.018270642,-0.01859864
2024-08-29 03:12:31.509859+00:00,READY,39.52137661,38.63234905,31.45220077,-3.26E-08,0.000995845,0.006879543,-0.006886864
2024-08-29 03:13:31.384245+00:00,READY,38.40556631,40.57168992,29.41227361,4.58E-09,0.0010021,0.006730697,-0.005570053
2024-08-29 03:14:31.251552+00:00,READY,31.61085518,40.86747968,33.32058007,-2.84E-08,0.000988229,0.00458676,-0.004253818
2024-08-29 03:15:31.108706+00:00,READY,30.74573775,33.19066059,30.89615851,1.64E-08,0.000935819,0.005131045,-0.004909498
2024-08-29 03:16:30.974051+00:00,READY,23.23285562,34.6392874,30.69702947,-5.08E-09,0.000996461,0.005399314,-0.0056298
2024-08-29 03:17:31.858927+00:00,READY,29.82269833,39.07714154,31.16031656,-1.81E-09,0.001021128,0.004718098,-0.005104048
2024-08-29 03:18:31.697831+00:00,READY,35.82214971,40.10802823,31.40270375,2.24E-08,0.001039052,0.008012987,-0.007700272
2024-08-29 03:19:31.550301+00:00,READY,24.26667409,31.888572,30.89900244,-1.96E-08,0.001019778,0.004592116,-0.004334031
2024-08-29 03:20:31.431565+00:00,READY,33.47038284,34.41326619,28.25187024,3.05E-08,0.000989255,0.004794914,-0.004794713
2024-08-29 03:21:31.287393+00:00,READY,24.96121944,35.25996839,30.81645975,-7.84E-09,0.001016992,0.006326614,-0.007671399
2024-08-29 03:22:31.120956+00:00,READY,28.2217565,34.54652196,31.0619109,1.95E-08,0.001037769,0.004965378,-0.005217637
2024-08-29 03:23:30.995770+00:00,READY,38.45944895,42.07955407,30.06876888,-6.67E-09,0.000992715,0.00511234,-0.004785805
2024-08-29 03:24:31.875105+00:00,READY,31.46936297,32.77472588,31.43344692,3.11E-08,0.001004317,0.005492929,-0.005150863
2024-08-29 03:25:31.742976+00:00,READY,30.22809254,37.60062074,33.44946349,1.43E-09,0.001000363,0.005765784,-0.005022115
2024-08-29 03:26:31.617664+00:00,READY,36.3177677,37.78229617,26.95275269,-5.08E-08,0.000959353,0.005616508,-0.005652185
2024-08-29 03:27:31.462683+00:00,READY,32.76106417,39.94929657,30.5880302,4.04E-08,0.000941523,0.004448079,-0.00472867
2024-08-29 03:28:31.321352+00:00,READY,29.39310292,36.10883093,35.62864668,-6.99E-10,0.000960041,0.005741218,-0.005340447
2024-08-29 03:29:31.194132+00:00,READY,36.25571523,33.38700283,27.75020195,-1.65E-09,0.000940346,0.005980385,-0.005185917
2024-08-29 03:30:31.056741+00:00,READY,35.56423557,31.69759959,33.08726339,3.96E-09,0.000984423,0.007053916,-0.006432138
2024-08-29 03:31:31.906429+00:00,READY,29.37188055,31.62747798,28.9953985,-1.30E-08,0.00100912,0.005627367,-0.004869151
2024-08-29 03:32:31.748093+00:00,READY,34.25485785,35.95906363,29.34596543,1.57E-08,0.001033696,0.005162168,-0.00546543
2024-08-29 03:33:31.613427+00:00,READY,40.08485755,42.49346483,28.8402207,-2.85E-08,0.001026932,0.006053531,-0.007765106
2024-08-29 03:34:31.475018+00:00,READY,39.27594277,39.70055105,33.60345283,2.09E-08,0.000974122,0.005494955,-0.005811273
2024-08-29 03:35:31.342874+00:00,READY,39.0812961,41.92237891,31.86417199,2.11E-08,0.000975157,0.00565597,-0.005765473
2024-08-29 03:36:31.200616+00:00,READY,32.88173526,34.95797629,31.13037853,-7.53E-09,0.000961819,0.006088082,-0.006288635
2024-08-29 03:37:31.062970+00:00,READY,33.03284251,41.64659084,32.00604876,-2.75E-08,0.000985661,0.004703431,-0.005753086
2024-08-29 03:38:30.923256+00:00,READY,37.02175094,32.08628671,32.87516952,3.40E-09,0.000998886,0.005598571,-0.005744918
2024-08-29 03:39:30.955026+00:00,READY,29.16341485,41.30924344,27.08472983,1.83E-08,0.000988445,0.007018491,-0.007246221
2024-08-29 03:40:30.982661+00:00,READY,36.54737778,38.39545565,30.97285072,-5.88E-08,0.001003742,0.004510289,-0.004730032
2024-08-29 03:41:30.904927+00:00,READY,30.11442079,39.39569362,33.14009877,4.45E-09,0.00102305,0.006189861,-0.005032023
2024-08-29 03:42:31.812735+00:00,READY,35.72611415,38.80449295,24.87933334,8.14E-09,0.001011503,0.006859222,-0.008244421
2024-08-29 03:43:31.797444+00:00,READY,32.2970439,33.43605579,31.21862404,1.56E-08,0.001017813,0.006157062,-0.005367863
2024-08-29 03:44:31.681615+00:00,READY,32.25033814,36.64581162,35.76618922,-5.92E-09,0.001038134,0.005215565,-0.005203618
2024-08-29 03:45:31.522787+00:00,READY,36.81533173,37.57960092,31.52795777,-5.81E-09,0.001013941,0.00495083,-0.004877648
2024-08-29 03:46:31.373753+00:00,READY,32.42103405,36.27951736,32.69749809,-2.46E-09,0.001267345,0.024876153,-0.020827297
2024-08-29 03:47:31.226545+00:00,READY,33.2887845,34.97324902,32.33957408,3.12E-09,0.001129482,0.01823984,-0.015924934
2024-08-29 03:48:31.077139+00:00,READY,30.95073022,41.74261487,27.74859034,-2.55E-08,0.001233738,0.02116907,-0.01690324
2024-08-29 03:49:30.964098+00:00,READY,32.77919848,35.48014783,30.4076795,1.13E-08,0.001271334,0.01994794,-0.021049049
2024-08-29 03:50:31.812327+00:00,READY,33.08990779,36.20641819,29.52006129,-1.44E-08,0.001097797,0.021642813,-0.020773403
2024-08-29 03:51:31.690781+00:00,READY,24.83413892,31.02544463,26.59729511,1.81E-08,0.0011829,0.019675137,-0.025381489
2024-08-29 03:52:31.539652+00:00,READY,30.20197188,40.91605616,27.44919866,6.05E-08,0.001222459,0.022443812,-0.019882474
2024-08-29 03:53:31.408243+00:00,READY,31.71442808,30.61648267,32.35407431,-3.08E-08,0.001070605,0.018600162,-0.016213128
2024-08-29 03:54:31.285621+00:00,READY,39.21541412,43.9051796,28.71237739,1.67E-08,0.001215234,0.02073689,-0.020542435
2024-08-29 03:55:31.171569+00:00,READY,31.38092799,41.93874254,31.38057964,-3.51E-08,0.001220408,0.02054825,-0.0206341
2024-08-29 03:56:31.038469+00:00,READY,30.8763847,35.48546939,30.39475211,-5.75E-08,0.001205727,0.020294096,-0.021022148
2024-08-29 03:58:31.789124+00:00,READY,30.7825025,33.31877134,33.78186452,1.20E-08,0.001261956,0.022282518,-0.018326323
2024-08-29 03:59:31.660900+00:00,READY,30.72506878,35.47494436,31.74195419,-5.80E-09,0.001258648,0.021502102,-0.020920971
2024-08-29 04:00:31.529749+00:00,READY,33.40767164,35.77408671,27.77652839,1.73E-08,0.001244938,0.018472232,-0.019215517
2024-08-29 04:01:31.431822+00:00,READY,38.73011897,34.60244455,32.49225789,-3.86E-08,0.001075033,0.020983925,-0.023202103
2024-08-29 04:02:31.344765+00:00,READY,34.25824153,36.93643908,30.07611537,9.22E-11,0.001187762,0.01933536,-0.019219812
2024-08-29 04:05:33.393740+00:00,READY,,,,1.20E-08,0.001250121,0.021935273,-0.02172418
2024-08-29 04:06:33.288147+00:00,READY,,,,-1.13E-08,0.001126523,0.021180026,-0.019081999
2024-08-29 04:07:33.138242+00:00,READY,,,,1.95E-08,0.001247443,0.016635038,-0.022869214
2024-08-29 04:08:33.072068+00:00,READY,,,,2.45E-08,0.001249311,0.019373145,-0.020313269
2024-08-29 04:09:34.002173+00:00,READY,,,,-2.84E-08,0.001130078,0.018384295,-0.017152622
2024-08-29 04:10:34.010351+00:00,READY,,,,-1.63E-08,0.001364227,0.01942628,-0.022658397
2024-08-29 04:11:33.885525+00:00,READY,,,,-4.29E-08,0.001155946,0.01811503,-0.01842867
2024-08-29 04:14:04.725443+00:00,READY,35.509,32.304,28.919,-3.20E-08,0.001234988,0.017901313,-0.020456359
2024-08-29 04:15:04.616201+00:00,READY,27.765,35.486,28.255,3.49E-08,0.001228314,0.018373124,-0.020732794
2024-08-29 04:16:04.507971+00:00,READY,41.357,43.283,35.766,-2.94E-08,0.00101297,0.005573832,-0.004522523
2024-08-29 04:17:04.419551+00:00,READY,37.325,36.918,24.912,-2.50E-08,0.001033794,0.0066127,-0.007279215
2024-08-29 04:18:05.311767+00:00,READY,28.388,34.935,30.725,1.10E-08,0.001017754,0.005624397,-0.00542316
2024-08-29 04:19:05.228461+00:00,READY,31.479,37.389,29.807,2.43E-08,0.001028618,0.005108629,-0.004676681
2024-08-29 04:20:05.103510+00:00,READY,32.471,39.988,28.961,-5.46E-09,0.001021237,0.004587109,-0.004594673
2024-08-29 04:21:04.971889+00:00,READY,32.937,30.513,28.478,5.62E-08,0.001024148,0.00513117,-0.005451595
2024-08-29 04:22:04.850568+00:00,READY,28.014,37.851,31.608,-6.22E-08,0.001028989,0.00538828,-0.005534265
2024-08-29 04:23:04.703642+00:00,READY,26.264,37.375,31.522,6.04E-08,0.001026656,0.006971598,-0.005254597
2024-08-29 04:24:04.560908+00:00,READY,26.842,42.919,25.31,-1.51E-08,0.001034063,0.008110119,-0.008993777
2024-08-29 04:25:04.452994+00:00,READY,31.69,39.581,31.944,1.54E-08,0.001040231,0.00609898,-0.005389497
2024-08-29 04:26:04.292630+00:00,READY,32.425,33.124,31.565,-3.05E-08,0.001038354,0.006655052,-0.006167014
2024-08-29 04:27:05.144390+00:00,READY,37.332,39.465,30.612,-1.49E-08,0.001044923,0.00495967,-0.004732469
2024-08-29 04:28:04.990371+00:00,READY,34.841,40.761,29.744,2.47E-08,0.001056321,0.006904164,-0.00670457
2024-08-29 04:29:04.884808+00:00,READY,41.673,43.924,29.483,6.12E-10,0.001059563,0.005184683,-0.00505877
2024-08-29 04:30:04.717523+00:00,READY,35.109,31.19,31.692,-7.47E-10,0.001055773,0.006092006,-0.005045671
2024-08-29 04:31:04.604266+00:00,READY,26.249,30.332,31.016,3.76E-09,0.00106151,0.006621751,-0.00738239
2024-08-29 04:32:04.441080+00:00,READY,32.166,38.372,30.237,2.03E-08,0.001049586,0.005030083,-0.004814649
2024-08-29 04:33:04.307395+00:00,READY,33.292,42.072,30.852,1.23E-08,0.001063546,0.00472522,-0.00516861
2024-08-29 04:34:05.154062+00:00,READY,28.499,36.067,31.687,-2.61E-08,0.001066139,0.004929805,-0.005479636
2024-08-29 04:35:05.040876+00:00,READY,25.358,27.525,27.402,3.48E-08,0.00107183,0.005567042,-0.005130586
2024-08-29 04:36:04.919364+00:00,READY,31.822,36.525,27.186,1.75E-08,0.001070556,0.006042203,-0.004890973
2024-08-29 04:37:04.823598+00:00,READY,29.638,32.461,32.289,-6.22E-08,0.001192509,0.018506866,-0.018188275
2024-08-29 04:38:04.701242+00:00,READY,33.754,40.286,27.492,3.20E-08,0.001255542,0.02471647,-0.022372525
2024-08-29 04:39:04.547588+00:00,READY,38.439,41.885,33.114,2.56E-08,0.001255594,0.021202225,-0.026842713
2024-08-29 04:40:04.437465+00:00,READY,34.395,36.877,30.498,-2.03E-08,0.00114519,0.016357347,-0.016380852
2024-08-29 04:41:04.358542+00:00,READY,35.62,42.096,32.637,3.72E-08,0.001248041,0.020328853,-0.021285865
2024-08-29 04:42:05.240036+00:00,READY,29.788,34.176,26.267,9.72E-09,0.001154645,0.016309166,-0.016428186
2024-08-29 04:43:05.096480+00:00,READY,29.074,31.366,30.063,-1.77E-08,0.001254847,0.023663718,-0.018988509
2024-08-29 04:44:04.935777+00:00,READY,34.647,31.79,34.53,2.04E-08,0.001251182,0.018425038,-0.020244695
2024-08-29 04:45:04.786426+00:00,READY,31.465,36.756,27.84,2.46E-08,0.001260919,0.019677565,-0.02129102
2024-08-29 04:46:04.699146+00:00,READY,35.848,41.815,35.306,-1.62E-08,0.001278905,0.023537738,-0.023784012
2024-08-29 04:47:04.574461+00:00,READY,29.318,29.796,31.803,4.98E-09,0.001172885,0.017159907,-0.017351802
2024-08-29 04:48:04.419846+00:00,READY,23.859,32.328,32.671,-4.82E-08,0.001258677,0.019472592,-0.01868059
2024-08-29 04:49:04.366169+00:00,READY,33.54,31.624,33.809,-7.41E-09,0.001265649,0.020630468,-0.02203687
2024-08-29 04:50:04.292914+00:00,READY,33.243,30.456,32.071,1.13E-08,0.001258693,0.021288509,-0.02134677
2024-08-29 04:51:05.182844+00:00,READY,31.562,39.437,30.993,8.55E-09,0.001151027,0.016588569,-0.017588193
2024-08-29 04:52:05.036943+00:00,READY,34.447,36.012,31.381,2.02E-10,0.001319641,0.018978177,-0.018836105
2024-08-29 04:53:04.935256+00:00,READY,39.355,39.646,36.982,3.03E-08,0.001148174,0.017854536,-0.016734265
2024-08-29 04:54:04.805364+00:00,READY,35.916,35.621,26.352,-4.16E-08,0.001246953,0.021622477,-0.021667518
2024-08-29 04:55:04.681099+00:00,READY,23.732,30.789,31.194,2.29E-10,0.001049087,0.007709809,-0.007504314
2024-08-29 04:56:04.533022+00:00,READY,27.518,39.547,31.443,-9.82E-09,0.001040002,0.00508678,-0.004893776
2024-08-29 04:57:04.389025+00:00,READY,26.709,37.059,28.423,7.23E-09,0.00103412,0.005454858,-0.004846497
2024-08-29 04:58:04.259801+00:00,READY,28.948,41.633,34.385,3.00E-08,0.001045225,0.004792506,-0.005164777
2024-08-29 04:59:04.230253+00:00,READY,32.844,40.034,31.827,-1.90E-08,0.001058011,0.006567366,-0.006371445
2024-08-29 05:00:05.115284+00:00,READY,28.995,29.899,28.963,4.52E-10,0.001063602,0.007244519,-0.007167955
2024-08-29 05:01:04.967654+00:00,READY,24.399,28.377,30.706,-1.55E-08,0.0012486,0.02276951,-0.016709477
2024-08-29 05:02:04.832271+00:00,READY,34.816,36.75,33.809,2.32E-08,0.00113608,0.017745376,-0.017678473
2024-08-29 05:03:04.727093+00:00,READY,33.57,35.853,30.515,-1.88E-09,0.00101542,0.005687942,-0.005824752
2024-08-29 05:04:04.622078+00:00,READY,31.446,36.271,30.317,-7.15E-10,0.001095063,0.021576263,-0.017918345
2024-08-29 05:05:04.483522+00:00,READY,31.165,36.187,28.061,-2.00E-08,0.000999277,0.005925119,-0.005786343
2024-08-29 05:06:04.331963+00:00,READY,22.94,34.778,32.89,9.94E-09,0.000989858,0.006896197,-0.006846669
2024-08-29 05:07:05.210076+00:00,READY,31.471,37.51,30.858,-9.50E-09,0.00097884,0.006090134,-0.004742839
2024-08-29 05:08:05.095958+00:00,READY,30.415,32.86,31.021,-1.01E-08,0.000968831,0.004469082,-0.004313803
2024-08-29 05:09:04.989863+00:00,READY,39.62,38.389,32.112,2.27E-09,0.000979981,0.004669566,-0.004238324
2024-08-29 05:10:04.864959+00:00,READY,33.712,40.845,27.379,5.54E-09,0.000970644,0.005415884,-0.006456716
2024-08-29 05:11:04.737228+00:00,READY,41.075,44.78,28.445,9.99E-09,0.000966325,0.005775169,-0.005924826
2024-08-29 05:12:04.603519+00:00,READY,26.098,34.484,29.45,-1.26E-08,0.001009559,0.007186844,-0.007788834
2024-08-29 05:13:04.468934+00:00,READY,32.149,36.266,33.506,5.41E-09,0.001007346,0.005375415,-0.005753862
2024-08-29 05:14:04.355346+00:00,READY,37.425,40.008,30.808,-1.82E-08,0.001001119,0.004322464,-0.004898623
2024-08-29 05:15:05.232809+00:00,READY,33.125,30.421,28.158,3.11E-08,0.000996294,0.006028819,-0.004981967
2024-08-29 05:16:05.138152+00:00,READY,24.296,31.071,27.223,1.14E-08,0.001004406,0.004870392,-0.004594293
2024-08-29 05:17:05.005285+00:00,READY,37.257,33.971,30.235,-4.57E-08,0.001013488,0.005828434,-0.005421545
2024-08-29 05:18:04.887501+00:00,READY,37.758,38.847,31.248,9.38E-09,0.001013257,0.005331194,-0.006160494
2024-08-29 05:19:04.763359+00:00,READY,33.811,39.531,28.812,9.36E-09,0.001070604,0.006178311,-0.005791415
2024-08-29 05:20:04.675582+00:00,READY,31.515,38.526,30.256,-1.19E-08,0.0010829,0.005731406,-0.004973888
2024-08-29 05:21:04.564865+00:00,READY,25.247,34.173,32.118,-2.65E-08,0.00107835,0.005380164,-0.004935999
2024-08-29 05:22:04.432830+00:00,READY,34.26,45.331,35.436,2.21E-08,0.001080523,0.005218405,-0.004709578
2024-08-29 05:23:04.328843+00:00,READY,35.611,32.929,32.405,-1.06E-08,0.001093415,0.006159559,-0.005968714
2024-08-29 05:24:05.207981+00:00,READY,29.12,41.26,30.87,-2.53E-08,0.001090063,0.005618278,-0.004911367
2024-08-29 05:25:05.106283+00:00,READY,33.873,31.819,31.255,-1.96E-08,0.001085287,0.005399033,-0.005502461
2024-08-29 05:26:05.004091+00:00,READY,27.391,29.459,34.022,-9.79E-09,0.00109088,0.006522408,-0.00563352
2024-08-29 05:27:04.868235+00:00,READY,31.989,35.248,29.418,-2.61E-08,0.001103281,0.007051816,-0.006999599
2024-08-29 05:28:04.760440+00:00,READY,30.436,35.919,31.875,1.41E-08,0.001090938,0.0052798,-0.004937282
2024-08-29 05:29:04.631257+00:00,READY,32.709,30.406,34.458,2.75E-08,0.001057401,0.006438707,-0.006862806
2024-08-29 05:30:04.504396+00:00,READY,34.817,43.135,29.79,3.16E-08,0.00098779,0.005669768,-0.004445218
2024-08-29 05:31:04.389597+00:00,READY,36.013,35.983,34.554,-3.02E-08,0.000992013,0.006412236,-0.005141177
2024-08-29 05:32:04.292486+00:00,READY,20.656,36.708,26.266,2.56E-08,0.001000463,0.00701245,-0.006916484
2024-08-29 05:33:05.179529+00:00,READY,29.412,40.644,33.333,2.66E-09,0.000989352,0.004303119,-0.004523902
2024-08-29 05:34:05.058632+00:00,READY,29.972,37.329,32.35,2.33E-08,0.000987234,0.005196463,-0.005200322
2024-08-29 05:35:04.911713+00:00,READY,34.507,33.047,29.582,-1.39E-08,0.001009254,0.005316253,-0.005659285
2024-08-29 05:36:04.804105+00:00,READY,27.567,32.06,28.163,1.33E-08,0.000998103,0.006022099,-0.005466989
2024-08-29 05:37:04.679392+00:00,READY,35.121,41.103,33.414,-3.65E-08,0.001009071,0.005182131,-0.005038165
2024-08-29 05:38:04.548254+00:00,READY,33.423,39.961,31.371,-2.36E-08,0.001003099,0.005945223,-0.004601191
2024-08-29 05:39:04.451693+00:00,READY,30.654,33.873,29.41,3.85E-08,0.001009029,0.006190281,-0.007491867
2024-08-29 05:40:04.309329+00:00,READY,39.19,42.941,33.703,7.11E-09,0.000996728,0.005629178,-0.005545384
2024-08-29 05:41:04.196757+00:00,READY,28.516,33.473,31.39,2.07E-08,0.001001599,0.00581253,-0.005427307
2024-08-29 05:42:05.075884+00:00,READY,34.485,36.179,34.064,1.28E-09,0.001074536,0.006069719,-0.005058615
2024-08-29 05:43:04.967638+00:00,READY,34.619,38.901,32.349,1.43E-08,0.001110478,0.005390405,-0.005199844
2024-08-29 05:44:04.828583+00:00,READY,31.186,34.458,29.987,-1.86E-08,0.001147451,0.004913204,-0.005386696
2024-08-29 05:45:04.714755+00:00,READY,33.116,35.824,33.1,-8.97E-09,0.001204339,0.005715257,-0.005607465
2024-08-29 05:46:04.577471+00:00,READY,38.233,41.31,33.92,1.52E-08,0.001141547,0.007271246,-0.007423011
2024-08-29 05:47:04.455166+00:00,READY,38.956,45.321,33.268,1.57E-08,0.001126456,0.00553467,-0.005383984
2024-08-29 05:48:04.314220+00:00,READY,32.892,34.275,29.557,7.40E-08,0.001128207,0.005839396,-0.007977475
2024-08-29 05:49:04.158877+00:00,READY,28.124,35.4,31.193,-2.49E-08,0.00111557,0.005167368,-0.005257429
2024-08-29 05:50:05.021349+00:00,READY,35.755,40.739,33.835,-1.13E-08,0.00108231,0.004671454,-0.005032669
2024-08-29 05:51:04.876737+00:00,READY,33.505,37.392,30.197,1.08E-08,0.001118998,0.00772361,-0.008372834
2024-08-29 05:52:04.970640+00:00,READY,36.521,34.446,29.039,-8.66E-09,0.001090624,0.00499829,-0.004766478
2024-08-29 05:53:04.855967+00:00,READY,30.507,28.124,31.425,2.07E-08,0.001057881,0.005231927,-0.00479017
2024-08-29 05:54:04.694532+00:00,READY,40.025,39.918,30.945,-9.42E-09,0.001016457,0.006276722,-0.005278932
2024-08-29 05:55:04.565767+00:00,READY,33.556,35.007,30.933,6.49E-09,0.000993322,0.005720619,-0.005034207
2024-08-29 05:56:04.432839+00:00,READY,26.749,34.723,26.362,-2.65E-09,0.000986539,0.00473334,-0.00433133
2024-08-29 05:57:04.298821+00:00,READY,31.491,34.662,33.169,-5.43E-09,0.000998906,0.005069872,-0.004736658
2024-08-29 05:58:04.185366+00:00,READY,35.782,41.902,28.965,2.52E-09,0.001031664,0.005293006,-0.005237181
2024-08-29 05:59:05.077758+00:00,READY,34.483,32.221,30.928,-9.67E-09,0.001006336,0.005135611,-0.0052118
2024-08-29 06:00:04.959189+00:00,READY,34.441,27.241,34.09,9.89E-10,0.001009903,0.007417379,-0.007062143
2024-08-29 06:01:04.841422+00:00,READY,27.219,33.821,34.547,-3.86E-08,0.00100607,0.004967826,-0.005296902
2024-08-29 06:02:04.727796+00:00,READY,31.964,35.601,28.191,-3.19E-09,0.000980765,0.007555597,-0.007217229
2024-08-29 06:03:04.624087+00:00,READY,29.001,34.735,33.963,4.24E-09,0.000983537,0.004629306,-0.005032389
2024-08-29 06:04:04.466192+00:00,READY,38.034,40.609,29.786,9.71E-09,0.001007106,0.004818674,-0.004405524
2024-08-29 06:05:04.349131+00:00,READY,33.098,34.823,28.791,-1.45E-08,0.001037712,0.004581944,-0.004517486
2024-08-29 06:06:04.218264+00:00,READY,31.934,30.263,30.477,4.18E-08,0.00101678,0.005546982,-0.005223892
2024-08-29 06:08:04.987634+00:00,READY,28.876,26.724,32.831,-1.31E-08,0.00103044,0.004986753,-0.005604989
2024-08-29 06:09:04.879344+00:00,READY,37.247,38.579,33.251,1.23E-08,0.001076677,0.006040747,-0.006575992
2024-08-29 06:10:04.725026+00:00,READY,34,39.621,32.015,-2.06E-08,0.001000233,0.00502352,-0.004259995
2024-08-29 06:11:04.640765+00:00,READY,34.565,38.244,32.699,4.97E-09,0.001152379,0.012072619,-0.013135139
2024-08-29 06:12:04.496887+00:00,READY,33.018,39.164,33.455,-9.47E-09,0.001030377,0.004527343,-0.0049755
2024-08-29 06:13:04.358751+00:00,READY,35.818,39.829,30.826,-1.01E-08,0.000986223,0.006313207,-0.005389887
2024-08-29 06:14:04.245907+00:00,READY,36.247,39.243,27.368,4.21E-08,0.000983978,0.006853738,-0.006674756
2024-08-29 06:16:05.004859+00:00,READY,33.05,35.105,33.53,-8.20E-09,0.001035537,0.007420894,-0.00711322
2024-08-29 06:17:04.884962+00:00,READY,31.753,38.168,37.143,2.65E-08,0.001008125,0.005424307,-0.004707383
2024-08-29 06:18:04.792936+00:00,READY,26.15,30.845,24.994,2.72E-09,0.001015412,0.004639339,-0.004436214
2024-08-29 06:19:04.687713+00:00,READY,40.363,37.541,31.87,8.33E-08,0.001019875,0.005503337,-0.00496021
2024-08-29 06:20:04.594012+00:00,READY,27.952,31.999,31.697,-1.86E-08,0.001022755,0.005502287,-0.005327431
2024-08-29 06:21:04.460796+00:00,READY,31.818,34.336,31.42,1.71E-10,0.001035139,0.006080859,-0.005732494
2024-08-29 06:22:04.348650+00:00,READY,37.174,36.78,25.64,-1.50E-09,0.001018158,0.005157601,-0.005236726
2024-08-29 06:23:04.249295+00:00,READY,38.595,41.146,30.295,-5.42E-09,0.000982091,0.005866577,-0.006108168
2024-08-29 06:24:04.117525+00:00,READY,42.09,39.95,26.916,-9.71E-09,0.000986056,0.004547038,-0.004525323
2024-08-29 06:25:05.026050+00:00,READY,29.404,31.205,30.849,-4.40E-09,0.00102772,0.00447304,-0.004993451
2024-08-29 06:26:04.872583+00:00,READY,24.42,36.922,33.644,2.53E-08,0.001034751,0.00688818,-0.005223536
2024-08-29 06:27:04.744013+00:00,READY,37.369,39.866,31.813,-3.72E-08,0.000982527,0.005884387,-0.005436596
2024-08-29 06:28:04.632135+00:00,READY,36.276,29.781,38.513,3.05E-08,0.000980765,0.005059405,-0.004874506
2024-08-29 06:29:04.539157+00:00,READY,34.478,35.761,30.142,-3.09E-08,0.001062928,0.006610155,-0.00701093
2024-08-29 06:30:04.413200+00:00,READY,24.445,28.378,31.264,-1.38E-08,0.001029918,0.005710399,-0.005850287
2024-08-29 06:31:04.297319+00:00,READY,29.402,35.241,36.224,2.46E-08,0.000999939,0.004963105,-0.004655468
2024-08-29 06:32:04.173268+00:00,READY,33.13,30.824,29.677,-2.51E-08,0.000982724,0.004928963,-0.004684012
2024-08-29 06:33:05.073028+00:00,READY,32.782,40.956,33.501,1.21E-08,0.001001925,0.006898146,-0.007126408
2024-08-29 06:34:04.920075+00:00,READY,32.811,39.407,35.293,-2.87E-09,0.000979578,0.005417282,-0.004938924
2024-08-29 06:35:04.781281+00:00,READY,33.351,41.992,32.462,1.81E-08,0.000988644,0.005196509,-0.006380902
2024-08-29 06:36:04.673865+00:00,READY,25.455,33.165,28.784,-1.75E-08,0.000991258,0.005355427,-0.005376408
2024-08-29 06:37:04.532625+00:00,READY,35.124,39.469,31.834,8.68E-10,0.001017025,0.010450449,-0.008649746
2024-08-29 06:38:04.397949+00:00,READY,32.195,35.82,29.52,-5.49E-09,0.001013077,0.006620948,-0.007567356
2024-08-29 06:39:04.270822+00:00,READY,24.846,31.396,32.422,-4.69E-08,0.000988967,0.00487292,-0.005294357
2024-08-29 06:40:04.130407+00:00,READY,40.831,38.324,30.068,-3.60E-09,0.000978164,0.006012013,-0.005365646
2024-08-29 06:41:04.991759+00:00,READY,36.092,40.184,30.914,-1.97E-09,0.000973897,0.004586604,-0.00480827
2024-08-29 06:42:04.882019+00:00,READY,30.859,41.041,35.305,-1.74E-08,0.000991247,0.006470339,-0.007277288
2024-08-29 06:43:04.772885+00:00,READY,34.595,37.868,27.335,8.66E-09,0.000994286,0.00531048,-0.005380825
2024-08-29 06:44:04.625213+00:00,READY,32.527,24.71,35.153,1.93E-10,0.001005019,0.005521681,-0.005296173
2024-08-29 06:45:04.495509+00:00,READY,31.432,28.101,34.965,-8.78E-09,0.000987777,0.004431248,-0.004752119
2024-08-29 06:46:04.482899+00:00,READY,32.168,37.806,32.135,6.37E-09,0.00098702,0.005739425,-0.005311814
2024-08-29 06:47:04.542656+00:00,READY,34.874,35.073,28.735,8.52E-09,0.000987192,0.006202135,-0.005328498
2024-08-29 06:48:04.417026+00:00,READY,40.524,36.496,31.072,-2.07E-08,0.00098857,0.006149604,-0.005634761
2024-08-29 06:49:04.291886+00:00,READY,36.225,38.488,32.278,1.91E-08,0.001002646,0.004961579,-0.005075898
2024-08-29 06:50:04.166450+00:00,READY,26.961,33.996,29.107,2.73E-08,0.001028788,0.006773207,-0.007684032
2024-08-29 06:51:04.070219+00:00,READY,29.308,40.701,33.115,-1.41E-08,0.000971573,0.004064934,-0.004484377
2024-08-29 06:52:04.020538+00:00,READY,34.657,39.784,32.058,2.72E-08,0.000979216,0.004295043,-0.004727073
2024-08-29 06:53:04.904560+00:00,READY,31.392,39.108,28.456,1.49E-08,0.000977249,0.005267791,-0.005901639
2024-08-29 06:54:04.774035+00:00,READY,26.982,41.914,31.393,2.69E-08,0.000972607,0.006497197,-0.006229999
2024-08-29 06:55:04.672845+00:00,READY,35.545,43.312,23.18,-1.81E-08,0.000969174,0.007097473,-0.006363621
2024-08-29 06:56:04.531635+00:00,READY,39.068,38.738,32.814,-2.26E-08,0.000953704,0.004342614,-0.00425009
2024-08-29 06:57:04.377587+00:00,READY,32.68,27.422,28.569,2.09E-08,0.000956381,0.007032626,-0.006550448
2024-08-29 06:58:04.244658+00:00,READY,38.552,43.335,29.95,-9.81E-09,0.000951741,0.004085848,-0.004477808
2024-08-29 06:59:04.133571+00:00,READY,33.801,35.607,29.813,1.62E-08,0.000984237,0.006286867,-0.007399196
2024-08-29 07:00:04.012999+00:00,READY,32.868,38.059,31.713,-3.09E-09,0.000978666,0.005107939,-0.004701044
2024-08-29 07:01:04.899659+00:00,READY,24.627,31.016,30.269,1.06E-08,0.000977763,0.006104848,-0.006587136
2024-08-29 07:02:04.751779+00:00,READY,26.153,33.059,31.205,1.22E-08,0.000974427,0.006489792,-0.007200883
2024-08-29 07:03:04.611954+00:00,READY,37.15,37.246,32.419,-3.57E-08,0.000977529,0.006040469,-0.006029416
2024-08-29 07:04:04.481886+00:00,READY,31.587,32.248,32.867,4.75E-09,0.000974857,0.005955045,-0.006002172
2024-08-29 07:05:04.356242+00:00,READY,27.057,32.178,28.046,-2.89E-09,0.000960552,0.005497784,-0.004292038
2024-08-29 07:06:04.173357+00:00,READY,34.907,36.661,29.154,-6.33E-09,0.000970295,0.004811638,-0.004640489
2024-08-29 07:07:04.021449+00:00,READY,31.447,30.954,29.713,-1.08E-08,0.000972934,0.006134573,-0.005654754
2024-08-29 07:08:04.905044+00:00,READY,31.963,38.144,32.428,-6.23E-08,0.000987868,0.007542817,-0.006254882
2024-08-29 07:09:04.775346+00:00,READY,33.573,38.094,30.638,-2.21E-09,0.000993887,0.00471686,-0.004676635
2024-08-29 07:10:04.320167+00:00,READY,30.614,38.095,33.461,1.37E-08,0.000995358,0.004688351,-0.004438217
2024-08-29 07:11:04.176803+00:00,READY,29.795,36.34,32.442,6.01E-09,0.001009414,0.006009451,-0.006553338
2024-08-29 07:12:04.019889+00:00,READY,29.35,32.501,28.223,-4.50E-09,0.001018279,0.005131165,-0.005090001
2024-08-29 07:14:04.493060+00:00,READY,28.427,34.001,30.607,2.54E-08,0.000994413,0.007897958,-0.005939419
2024-08-29 07:15:04.383669+00:00,READY,30.068,34.587,28.487,-2.76E-08,0.000963647,0.005945851,-0.00538905
2024-08-29 07:16:04.260349+00:00,READY,35.01,38.089,34.708,-1.07E-08,0.000959979,0.005144971,-0.005432863
2024-08-29 07:17:04.159967+00:00,READY,31.775,36.005,27.735,4.28E-08,0.000969473,0.006334316,-0.005932074
2024-08-29 07:18:04.049340+00:00,READY,35.864,33.517,33.262,-3.64E-08,0.000975848,0.004973852,-0.004873678
2024-08-29 07:19:03.961189+00:00,READY,42.071,42.954,34.014,2.53E-08,0.000991481,0.008352765,-0.006753229
2024-08-29 07:20:04.842007+00:00,READY,37.551,35.607,26.783,9.65E-10,0.001000578,0.004458696,-0.004770672
2024-08-29 07:21:04.710151+00:00,READY,34.067,38.754,30.211,-8.93E-10,0.001432125,0.02390502,-0.027940152
2024-08-29 07:22:04.590810+00:00,READY,26.888,34.4,27.975,2.17E-08,0.000997297,0.005569319,-0.005447898
2024-08-29 07:23:04.448056+00:00,READY,35.619,39.469,29.734,-3.42E-09,0.000962584,0.005675104,-0.005193202
2024-08-29 07:24:04.320728+00:00,READY,34.215,33.558,29.903,2.05E-08,0.000976642,0.004456797,-0.004723347
2024-08-29 07:25:04.211633+00:00,READY,39.419,43.489,36.298,5.06E-09,0.000986805,0.00507438,-0.004420399
2024-08-29 07:26:04.070749+00:00,READY,33.542,36.011,30.849,-4.43E-09,0.001025677,0.005360401,-0.005896457
2024-08-29 07:27:04.946845+00:00,READY,34.474,34.742,29.188,1.83E-08,0.000990498,0.004754385,-0.004982972
2024-08-29 07:28:04.849755+00:00,READY,35.423,37.547,28.862,3.09E-09,0.001014351,0.008013112,-0.008100113
2024-08-29 07:29:04.732200+00:00,READY,34.217,27.026,35.876,1.22E-08,0.001017486,0.005199926,-0.004974283
2024-08-29 07:30:04.610703+00:00,READY,30.841,38.276,34.111,-1.74E-09,0.000995545,0.005618359,-0.005499716
2024-08-29 07:31:04.494857+00:00,READY,33.735,36.463,32.093,-9.77E-09,0.001011355,0.007159699,-0.007346381
2024-08-29 07:32:04.350977+00:00,READY,35.507,42.151,25.915,1.28E-08,0.001014523,0.004428642,-0.004914919
2024-08-29 07:33:04.197529+00:00,READY,35.391,38.122,32.254,-1.62E-08,0.001014116,0.004298513,-0.00446237
2024-08-29 07:34:04.054602+00:00,READY,32.568,37.396,29.86,1.14E-08,0.001033556,0.006216498,-0.005645213
2024-08-29 07:35:03.907627+00:00,READY,34.456,38.769,30.367,-4.01E-08,0.001016705,0.005486298,-0.005651363
2024-08-29 07:36:04.805155+00:00,READY,28.973,34.975,30.169,1.79E-08,0.001022445,0.004630178,-0.004362621
2024-08-29 07:37:04.673195+00:00,READY,31.231,26.024,32.145,-3.87E-08,0.001052344,0.006147429,-0.006295104
2024-08-29 07:38:04.541058+00:00,READY,34.611,37.493,25.757,-4.06E-08,0.001055327,0.007342917,-0.005968902
2024-08-29 07:39:04.404563+00:00,READY,42.811,41.564,31.305,4.25E-08,0.001031007,0.004548011,-0.004775065
2024-08-29 07:40:04.278626+00:00,READY,37.499,39.614,30.787,3.75E-10,0.001029865,0.00756529,-0.007270593
2024-08-29 07:41:04.201627+00:00,READY,31.875,38.358,29.844,5.29E-08,0.00099593,0.005404536,-0.005342846
2024-08-29 07:42:04.106461+00:00,READY,42.731,46.109,27.506,-3.61E-08,0.001003326,0.00455849,-0.005200529
2024-08-29 07:43:03.981775+00:00,READY,35.864,36.966,29.17,1.01E-08,0.00102191,0.005237781,-0.005450052
2024-08-29 07:44:04.858381+00:00,READY,33.126,36.731,29.164,-2.14E-08,0.001011011,0.006133967,-0.005234222
2024-08-29 07:45:04.735718+00:00,READY,27.765,36.901,30.029,-3.07E-08,0.001005855,0.005528764,-0.004697159
2024-08-29 07:46:04.635829+00:00,READY,34.965,42.198,32.394,2.15E-08,0.001008287,0.004338075,-0.004798153
2024-08-29 07:47:04.490857+00:00,READY,26.713,34.347,24.074,-1.02E-08,0.00100783,0.004598138,-0.004770705
2024-08-29 07:48:04.360185+00:00,READY,27.578,34.94,34.368,5.15E-09,0.001009312,0.006773553,-0.006418511
2024-08-29 07:49:04.209428+00:00,READY,26.094,31.831,30.153,6.99E-09,0.001010328,0.004665026,-0.004916653
2024-08-29 07:50:04.052966+00:00,READY,32.657,29.917,32.406,-9.49E-09,0.001056861,0.00555136,-0.005796251
2024-08-29 07:51:03.930258+00:00,READY,31.941,35.423,31.404,-3.27E-08,0.001110975,0.006695919,-0.006433646
2024-08-29 07:52:04.818245+00:00,READY,40.192,44.927,28.82,6.99E-09,0.001083596,0.006915273,-0.00796433
2024-08-29 07:53:04.705909+00:00,READY,23.918,25.459,27.16,-1.73E-10,0.001091247,0.005953299,-0.005002986
2024-08-29 07:54:04.570483+00:00,READY,27.121,39.084,29.698,2.69E-08,0.001083197,0.004666758,-0.004735089
2024-08-29 07:55:04.425805+00:00,READY,18.846,22.639,30.328,-9.66E-09,0.001047379,0.004934407,-0.006355301
2024-08-29 07:56:04.329282+00:00,READY,34.625,36.212,33.653,1.16E-08,0.001043026,0.006537179,-0.005654168
2024-08-29 07:57:04.228463+00:00,READY,36.848,40.106,30.806,-4.56E-08,0.001053052,0.005595647,-0.005837832
2024-08-29 07:58:04.091947+00:00,READY,35.914,35.229,34.053,3.07E-08,0.000999526,0.005211951,-0.00537586
2024-08-29 07:59:03.965352+00:00,READY,39.554,40.747,30.505,-2.47E-09,0.000984744,0.005931478,-0.006476715
2024-08-29 08:00:04.857798+00:00,READY,36.999,32.719,28.882,-2.62E-08,0.000980553,0.005580333,-0.005136985
2024-08-29 08:01:04.740680+00:00,READY,33.578,36.383,26.207,2.46E-08,0.000969293,0.004324713,-0.004800987
2024-08-29 08:02:04.587945+00:00,READY,35.75,38.718,34.647,1.37E-08,0.000976988,0.005855302,-0.005674135
2024-08-29 08:03:04.451597+00:00,READY,33.916,34.705,31.554,-4.94E-08,0.000997257,0.007673536,-0.007121462
2024-08-29 08:04:04.335874+00:00,READY,32.33,40.532,35.502,4.50E-08,0.000979577,0.004508297,-0.004554185
2024-08-29 08:05:04.184452+00:00,READY,32.389,39.622,31.065,-1.22E-08,0.000998017,0.006217087,-0.004988039
2024-08-29 08:06:04.038600+00:00,READY,41.461,41.317,36.746,1.60E-08,0.000995636,0.006741183,-0.005745146
2024-08-29 08:07:03.939164+00:00,READY,36.654,43.367,30.918,-6.79E-09,0.000997988,0.004075188,-0.004527303
2024-08-29 08:09:04.700161+00:00,READY,28.731,37.218,30.76,6.39E-09,0.001015454,0.004786586,-0.004934261
2024-08-29 08:10:04.563559+00:00,READY,30.269,35.98,33.987,1.59E-08,0.001024644,0.005227064,-0.005587934
2024-08-29 08:11:04.421134+00:00,READY,33.804,33.514,29.91,5.52E-09,0.001027779,0.006350187,-0.006877423
2024-08-29 08:12:04.301726+00:00,READY,26.786,34.99,32.031,1.92E-09,0.000962629,0.005240967,-0.004696129
2024-08-29 08:13:04.198513+00:00,READY,31.644,33.304,34.222,1.21E-08,0.00100749,0.005545432,-0.005137846
2024-08-29 08:14:04.057705+00:00,READY,31.633,37.289,24.784,-2.17E-08,0.001028967,0.006304857,-0.005730632
2024-08-29 08:15:03.956697+00:00,READY,28.147,35.823,34.634,-2.23E-08,0.001038577,0.006748535,-0.007814616
2024-08-29 08:16:03.871315+00:00,READY,34.826,38.965,29.886,-7.84E-09,0.001052436,0.005625529,-0.005956106
2024-08-29 08:17:04.773734+00:00,READY,30.979,29.904,32.055,2.43E-08,0.001061526,0.005018213,-0.00611784
2024-08-29 08:18:04.686137+00:00,READY,32.467,35.073,29.057,3.41E-08,0.00105493,0.005745563,-0.00492212
2024-08-29 08:19:04.572982+00:00,READY,33.238,33.384,34.624,-2.73E-08,0.001047027,0.006170427,-0.005507458
2024-08-29 08:20:04.467198+00:00,READY,34.669,30.007,30.164,-4.04E-08,0.001048514,0.005369008,-0.005069261
2024-08-29 08:21:04.344904+00:00,READY,25.127,42.591,29.687,2.73E-08,0.001049327,0.004904999,-0.005386227
2024-08-29 08:22:04.249784+00:00,READY,38.596,42.531,28.698,3.67E-08,0.001051482,0.004955599,-0.004604284
2024-08-29 08:23:04.105287+00:00,READY,34.084,38.583,32.666,-3.25E-08,0.001040886,0.005524079,-0.006461378
2024-08-29 08:24:03.975706+00:00,READY,41.657,42.516,28.323,4.95E-08,0.001057847,0.006265529,-0.006693886
2024-08-29 08:25:03.890874+00:00,READY,35.32,33.492,31.009,-3.53E-09,0.001048412,0.004688111,-0.004734874
2024-08-29 08:26:04.765523+00:00,READY,34.833,39.624,28.908,7.38E-09,0.001074737,0.007912369,-0.008001847
2024-08-29 08:27:04.641881+00:00,READY,36.247,36.409,29.234,-1.84E-08,0.001049172,0.004951752,-0.005390545
2024-08-29 08:28:04.520682+00:00,READY,24.428,31.263,28.029,-2.03E-08,0.001066556,0.005062205,-0.005211111
2024-08-29 08:29:04.408811+00:00,READY,32.272,31.491,32.909,-1.71E-08,0.00107707,0.005538015,-0.005429281
2024-08-29 08:30:04.314745+00:00,READY,36.039,41.602,35.725,-3.88E-09,0.001079391,0.006744858,-0.005678106
2024-08-29 08:31:04.171323+00:00,READY,29.012,38.318,29.104,-9.95E-09,0.001077883,0.005338781,-0.005218342
2024-08-29 08:32:04.072906+00:00,READY,35.873,40.021,32.326,-2.26E-08,0.00108303,0.005332259,-0.006518619
2024-08-29 08:33:03.941905+00:00,READY,36.817,43.064,33.712,3.88E-09,0.001078015,0.00704167,-0.005503275
2024-08-29 08:34:03.816587+00:00,READY,43.139,42.811,30.479,-2.13E-09,0.001059202,0.005560563,-0.0052749
2024-08-29 08:35:04.706834+00:00,READY,29.85,45.66,27.82,6.97E-09,0.001052177,0.00526254,-0.004933731
2024-08-29 08:36:04.589547+00:00,READY,34.269,34.686,30.373,-5.08E-08,0.001069653,0.004790752,-0.004995189
2024-08-29 08:37:04.476073+00:00,READY,31.061,33.742,26.438,-2.22E-08,0.001072608,0.00639145,-0.005774451
2024-08-29 08:38:04.320860+00:00,READY,34.355,41.838,29.096,1.93E-08,0.001105326,0.005688379,-0.007363185
2024-08-29 08:39:04.190947+00:00,READY,35.779,41.829,33.048,1.84E-08,0.001112637,0.007495994,-0.006580516
2024-08-29 08:40:04.056360+00:00,READY,31.535,33.485,30.883,-8.92E-09,0.001109378,0.007675276,-0.005699577
2024-08-29 08:41:03.958350+00:00,READY,28.628,33.942,36.394,4.11E-08,0.001087193,0.004970189,-0.005146407
2024-08-29 08:42:03.835113+00:00,READY,35.414,38.419,30.81,-1.43E-09,0.001107685,0.004878133,-0.005263236
2024-08-29 08:44:04.613289+00:00,READY,32.035,36.249,31.776,-1.85E-08,0.001091808,0.005584052,-0.005886179
2024-08-29 08:45:04.487723+00:00,READY,26.846,36.814,31.696,1.52E-08,0.001098594,0.007057,-0.005858171
2024-08-29 08:46:04.372100+00:00,READY,35.144,34.409,29.158,-2.45E-08,0.001058024,0.005328949,-0.004587406
2024-08-29 08:47:04.228924+00:00,READY,31.717,39.886,28.565,-1.26E-08,0.0010667,0.006520134,-0.006685338
2024-08-29 08:48:04.101580+00:00,READY,32.208,34.995,30.578,-4.58E-09,0.001071967,0.006237255,-0.006266304
2024-08-29 08:49:03.956582+00:00,READY,31.044,42.861,31.961,-4.73E-09,0.001062093,0.005074261,-0.004513094
2024-08-29 08:50:03.819283+00:00,READY,28.159,35.954,28.503,1.92E-08,0.001060051,0.005543659,-0.005066253
2024-08-29 08:51:04.705009+00:00,READY,28.979,35.266,32.753,1.66E-08,0.00105983,0.007495937,-0.007788761
2024-08-29 08:52:04.630610+00:00,READY,25.772,34.405,34.137,-7.93E-08,0.001058266,0.004783136,-0.004814967
2024-08-29 08:53:04.504041+00:00,READY,33.057,38.748,30.917,-4.72E-08,0.001084214,0.007797332,-0.007377
2024-08-29 08:54:04.430544+00:00,READY,30.661,33.405,31.283,5.82E-09,0.001077773,0.005266489,-0.005273148
2024-08-29 08:55:04.281919+00:00,READY,33.287,35.506,28.843,-2.56E-08,0.00106647,0.005586763,-0.005206604
2024-08-29 08:56:04.160902+00:00,READY,34.651,26.577,35.74,-7.56E-09,0.001040439,0.004548842,-0.004528286
2024-08-29 08:57:04.013010+00:00,READY,30.404,34.646,32.262,2.24E-08,0.001038325,0.005204476,-0.004455232
2024-08-29 08:58:03.856460+00:00,READY,27.247,30.719,31.987,-6.81E-09,0.001056356,0.005368714,-0.0059393
2024-08-29 09:01:30.795088+00:00,READY,34.141,41.453,26.832,-4.61E-08,0.001077512,0.005841862,-0.006162916
2024-08-29 09:02:30.678339+00:00,READY,24.719,29.863,32.312,5.38E-08,0.001064922,0.007319627,-0.007317305
2024-08-29 09:03:30.551223+00:00,READY,36.704,31.24,31.387,-1.70E-08,0.001054776,0.005756205,-0.005815656
2024-08-29 09:04:30.409320+00:00,READY,39.882,41.948,32.08,5.27E-09,0.001062045,0.005149617,-0.005362717
2024-08-29 09:05:30.261669+00:00,READY,31.118,27.58,25.622,3.54E-08,0.001049674,0.007290138,-0.007573104
2024-08-29 09:06:31.147371+00:00,READY,32.989,34.645,29.582,-3.63E-08,0.001046105,0.006613378,-0.006616886
2024-08-29 09:07:31.013893+00:00,READY,32.873,37.531,29.52,1.12E-08,0.001040626,0.004908544,-0.004608364
2024-08-29 09:08:30.885712+00:00,READY,31.453,33.002,34.263,1.18E-08,0.001108117,0.005974154,-0.005674703
2024-08-29 09:09:30.726759+00:00,READY,33.613,37.601,32.141,-2.02E-08,0.001151188,0.008752158,-0.010270676
2024-08-29 09:10:30.591062+00:00,READY,38.116,42.667,31.623,-8.74E-09,0.001122561,0.006074698,-0.006227218
2024-08-29 09:11:30.455223+00:00,READY,31.415,29.248,28.935,-1.82E-08,0.001065641,0.005992048,-0.006672292
2024-08-29 09:12:30.328698+00:00,READY,17.32,33.899,32.394,-3.05E-09,0.00111413,0.005904431,-0.006041895
2024-08-29 09:13:30.200931+00:00,READY,28.373,35.16,30.555,-3.82E-09,0.001207747,0.00690285,-0.006830347
2024-08-29 09:14:31.058908+00:00,READY,39.258,34.948,32.891,1.14E-08,0.001140342,0.005524722,-0.005431253
2024-08-29 09:15:30.932613+00:00,READY,31.672,39.054,32.792,-3.39E-08,0.001027776,0.006601424,-0.007259399
2024-08-29 09:16:30.789375+00:00,READY,34.929,29.137,29.811,9.28E-09,0.001011632,0.004415109,-0.004576719
2024-08-29 09:17:30.650690+00:00,READY,33.161,39.683,31.176,-3.98E-09,0.000983847,0.004734298,-0.004850764
2024-08-29 09:18:30.539300+00:00,READY,38.89,38.528,31.717,-1.43E-08,0.001018117,0.005510427,-0.005743912
2024-08-29 09:19:30.420601+00:00,READY,36.984,35.669,27.59,2.35E-08,0.001057826,0.006742419,-0.008001297
2024-08-29 09:20:30.266777+00:00,READY,26.87,31.076,29.974,-3.60E-08,0.00104633,0.006522828,-0.006303324
2024-08-29 09:21:31.130267+00:00,READY,28.8,31.486,28.111,4.39E-08,0.001008027,0.007001443,-0.005198584
2024-08-29 09:22:31.009653+00:00,READY,29.615,34.549,32.8,-4.11E-09,0.001067414,0.006348931,-0.005996932
2024-08-29 09:23:30.855483+00:00,READY,37.119,38.493,33.727,9.91E-09,0.001132872,0.008489772,-0.009488661
2024-08-29 09:24:30.714843+00:00,READY,31.442,37.376,31.457,-1.57E-08,0.000972431,0.005791009,-0.004855095
2024-08-29 09:25:30.582282+00:00,READY,34.711,40.99,29.092,7.31E-09,0.000980196,0.006604052,-0.007986833
2024-08-29 09:26:30.417826+00:00,READY,24.688,31.944,31.152,3.56E-08,0.000997048,0.004535365,-0.005285357
2024-08-29 09:27:30.259872+00:00,READY,32.712,39.054,32.054,-4.64E-09,0.001049626,0.007382065,-0.006722272
2024-08-29 09:28:31.088805+00:00,READY,26.29,28.742,32.94,-3.37E-09,0.001064644,0.006759283,-0.008051008
2024-08-29 09:29:30.957328+00:00,READY,34.011,34.431,31.283,4.40E-08,0.001081365,0.006359636,-0.005920508
2024-08-29 09:30:30.818175+00:00,READY,32.649,31.903,27.358,-8.59E-09,0.001038683,0.005788605,-0.00626998
2024-08-29 09:31:30.667357+00:00,READY,38.87,46.492,29.17,-1.82E-08,0.001050617,0.006991618,-0.00824616
2024-08-29 09:32:30.520030+00:00,READY,35.691,42.141,31.85,4.71E-08,0.001009568,0.004615934,-0.004541869
2024-08-29 09:33:30.364273+00:00,READY,24.588,34.976,32.833,-2.18E-08,0.001075034,0.006028623,-0.006395893
2024-08-29 09:34:30.225928+00:00,READY,33.715,39.15,33.636,3.09E-08,0.001049195,0.005588259,-0.004851155
2024-08-29 09:35:31.094458+00:00,READY,30.946,42.901,24.753,1.21E-08,0.001075945,0.005400799,-0.005298501
2024-08-29 09:36:30.961765+00:00,READY,28.028,35.675,29.923,2.70E-08,0.001026516,0.006594566,-0.005455456
2024-08-29 09:37:30.832318+00:00,READY,33.818,32.75,31.721,4.51E-08,0.001042941,0.006073616,-0.005880763
2024-08-29 09:38:30.673170+00:00,READY,34,45.652,33.037,1.60E-08,0.000993852,0.005042444,-0.004463503
2024-08-29 09:39:30.503988+00:00,READY,32.303,34.835,32.953,-1.98E-08,0.000987138,0.004863509,-0.004608776
2024-08-29 09:40:30.343271+00:00,READY,33.976,38.55,26.937,2.55E-08,0.00102973,0.004969792,-0.005088762
2024-08-29 09:41:30.216619+00:00,READY,37.528,43.057,31.846,-5.16E-09,0.00106776,0.006758148,-0.007598169
2024-08-29 09:42:31.066946+00:00,READY,30.469,38.595,33.232,1.68E-08,0.001003194,0.005244364,-0.005502672
2024-08-29 09:43:30.897021+00:00,READY,26.41,33.34,25.584,-8.57E-09,0.000988809,0.00457267,-0.004592003
2024-08-29 09:44:30.750151+00:00,READY,35.915,31.582,34.943,5.56E-08,0.000993773,0.00584516,-0.005030462
2024-08-29 09:45:30.601416+00:00,READY,37.164,33.411,30.095,-7.25E-09,0.001064039,0.005903931,-0.006081031
2024-08-29 09:46:30.469717+00:00,READY,28.21,32.806,29.193,-3.69E-08,0.001096685,0.00705916,-0.007041184
2024-08-29 09:47:30.318499+00:00,READY,30.606,36.472,28.209,-9.46E-09,0.000991804,0.00580197,-0.004452373
2024-08-29 09:48:30.159831+00:00,READY,31.098,35.443,33.483,3.02E-08,0.001007575,0.005383374,-0.004732817
2024-08-29 09:49:31.018547+00:00,READY,31.941,39.232,30.373,7.40E-09,0.001007435,0.006234272,-0.005223217
2024-08-29 09:50:30.847789+00:00,READY,22.507,30.407,32.506,-3.54E-09,0.000990486,0.005322744,-0.005152452
2024-08-29 09:51:30.699445+00:00,READY,35.744,35.28,30.313,-4.66E-09,0.000999905,0.00583283,-0.004803016
2024-08-29 09:52:30.568705+00:00,READY,26.254,30.979,32.425,6.44E-09,0.001011702,0.004814294,-0.004812179
2024-08-29 09:53:30.408231+00:00,READY,36.576,41.972,32.53,2.52E-08,0.001009098,0.005731694,-0.004554658
2024-08-29 09:54:30.265350+00:00,READY,31.291,35.524,33.298,-1.50E-08,0.001009019,0.006269432,-0.006130979
2024-08-29 09:55:30.106678+00:00,READY,41.85,41.372,30.137,-2.11E-08,0.001003342,0.005026828,-0.004411559
2024-08-29 09:56:31.009820+00:00,READY,37.191,39.488,29.921,3.89E-08,0.001037385,0.007504643,-0.007958336
2024-08-29 09:57:30.858828+00:00,READY,42.267,37.625,30.859,3.05E-08,0.001013679,0.007040351,-0.006698875
2024-08-29 09:58:30.715603+00:00,READY,32.08,38.849,31.731,3.07E-09,0.000997463,0.00600316,-0.006253122
2024-08-29 09:59:30.586417+00:00,READY,32.179,39.006,30.43,3.66E-08,0.008844409,0.82978064,-0.659255
2024-08-29 10:00:30.460044+00:00,READY,31.658,38.21,31.983,-7.72E-08,0.007804381,0.05570522,-0.049778566
2024-08-29 10:01:30.322618+00:00,READY,23.895,16.024,23.055,1.46E-07,0.007692,0.036968365,-0.03479845
2024-08-29 10:02:30.166310+00:00,READY,16.821,27.718,22.929,7.91E-08,0.007297892,0.038025655,-0.037258994
2024-08-29 10:03:31.018575+00:00,READY,23.599,18.337,25.029,-6.99E-08,0.007256229,0.03378915,-0.03503629
2024-08-29 10:04:30.864077+00:00,READY,23.958,21.714,25.646,1.31E-09,0.007276845,0.043618847,-0.036077324
2024-08-29 18:14:16.791452+00:00,ACTIVE,24.996,25.345,22.446,8.63E-06,0.12721099,0.8808288,-1.0133094
2024-08-29 18:15:16.853026+00:00,ACTIVE,25.213,22.051,22.589,-2.76E-06,0.12723877,0.8967546,-1.0110915
2024-08-29 18:16:16.769776+00:00,ACTIVE,23.221,25.414,14.638,3.64E-06,0.12812077,0.8799224,-1.0151664
2024-08-29 18:17:16.757712+00:00,ACTIVE,25.027,17.595,25.125,4.96E-06,0.11077107,0.8838552,-1.0156183
2024-08-29 18:18:16.717345+00:00,READY,27.615,20.618,22.473,2.02E-06,0.123281084,0.8738947,-1.0160865
2024-08-29 18:19:16.698911+00:00,ACTIVE,16.889,13.406,28.023,1.33E-05,0.1280518,0.88402474,-1.0173057
2024-08-29 18:20:16.602279+00:00,ACTIVE,13.282,16.314,18.965,-4.53E-06,0.12678505,0.89019656,-1.01846
2024-08-29 18:21:16.511538+00:00,ACTIVE,15.175,14.778,25.958,9.28E-06,0.12916644,0.8960011,-1.0148156
2024-08-29 18:22:16.473542+00:00,ACTIVE,17.867,17.599,22.613,3.66E-07,0.11056335,0.8792294,-1.0154516
2024-08-29 18:23:16.381930+00:00,INTERRUPTED,16.958,14.242,20.114,-4.66E-06,0.08822012,0.873469,-1.0137786
2024-08-29 18:24:16.488025+00:00,ACTIVE,20.249,17.063,22.018,4.74E-06,0.12772794,0.8672743,-1.0161358
2024-08-29 18:25:16.783531+00:00,ACTIVE,14.823,16.765,22.228,1.85E-06,0.12877853,0.89748895,-1.0148222
2024-08-29 18:26:16.656798+00:00,ACTIVE,30.643,19.759,20.859,2.32E-07,0.12789048,0.89287215,-1.0150055
2024-08-29 18:27:16.505292+00:00,ACTIVE,23.417,10.189,26.942,4.42E-06,0.12839952,0.89343965,-1.0153222
2024-08-29 18:28:16.369390+00:00,ACTIVE,23.337,20.013,18.338,-1.03E-06,0.12959458,0.8935957,-1.0153267
2024-08-29 18:29:16.364677+00:00,ACTIVE,23.569,24.471,16.903,1.76E-05,0.12974752,0.88551766,-1.0155001
2024-08-29 18:30:16.233690+00:00,ACTIVE,25.286,12.608,22.64,-4.46E-06,0.12949134,0.90243286,-1.0131631
2024-08-29 18:31:16.167124+00:00,ACTIVE,19.314,18.24,23.109,2.78E-06,0.12988105,0.8890493,-1.0166683
2024-08-29 18:32:16.195485+00:00,ACTIVE,22.047,16.4,19.528,2.91E-06,0.13171186,0.9067153,-1.0149794
2024-08-29 18:33:16.080288+00:00,ACTIVE,26.6,19.728,17.982,8.30E-06,0.12980126,0.90056103,-1.0169859
2024-08-29 18:34:15.948133+00:00,ACTIVE,12.298,15.23,20.635,9.22E-07,0.13077663,0.88861895,-1.0144114
2024-08-29 18:35:16.837629+00:00,ACTIVE,19.794,18.119,21.894,2.44E-06,0.13135962,0.89692044,-1.0164963
2024-08-29 18:36:16.696076+00:00,ACTIVE,20.854,15.733,17.778,4.49E-06,0.12974243,0.8937229,-1.01521
2024-08-29 18:37:16.579206+00:00,ACTIVE,20.731,21.335,15.487,9.76E-06,0.13018714,0.92948157,-1.0179062
2024-08-29 18:38:16.413427+00:00,ACTIVE,25.762,19.544,24.056,4.50E-06,0.13206637,0.8946117,-1.0155848
2024-08-29 18:39:16.294651+00:00,ACTIVE,10.683,19.896,22.948,5.99E-06,0.1313555,0.9026735,-1.0160604
2024-08-29 18:40:16.171503+00:00,ACTIVE,23.722,17.474,25.781,2.56E-05,0.1310235,0.8927047,-1.0173687
2024-08-29 18:41:16.024816+00:00,ACTIVE,20.121,19.857,21.34,-1.30E-05,0.13248168,0.8982767,-1.0172802
2024-08-29 18:42:16.886242+00:00,ACTIVE,22.354,15.552,21.54,6.49E-06,0.13125573,0.9137764,-1.0188321
2024-08-29 18:43:16.760546+00:00,ACTIVE,24.451,19.738,22.462,7.85E-06,0.13191348,0.8972781,-1.0145504
2024-08-29 18:44:16.632253+00:00,ACTIVE,23.008,25.927,20.292,2.02E-06,0.13303952,0.90648615,-1.0155855
2024-08-29 18:45:16.485245+00:00,ACTIVE,25.72,22.73,22.252,5.00E-06,0.13258871,0.9091489,-1.0178063
2024-08-29 18:46:16.372619+00:00,ACTIVE,21.783,19.956,24.823,4.33E-06,0.13317461,0.9044721,-1.0159925
2024-08-29 18:47:16.234884+00:00,ACTIVE,16.947,16.562,22.102,7.27E-06,0.1330116,0.89655983,-1.01915
2024-08-29 18:48:16.106325+00:00,ACTIVE,25.802,28.396,20.202,3.66E-06,0.13372988,0.8983565,-1.0182493
2024-08-29 18:49:15.962822+00:00,ACTIVE,22.354,25.334,30.859,1.33E-05,0.13255051,0.9107066,-1.0160741
2024-08-29 18:50:16.830156+00:00,ACTIVE,16.241,14.926,19.491,9.39E-06,0.13216585,0.8900813,-1.0160433
2024-08-29 18:51:16.705893+00:00,ACTIVE,22.041,20.772,23.923,-5.71E-06,0.13270615,0.9060093,-1.014915
2024-08-29 18:52:16.556501+00:00,ACTIVE,22.975,16.663,25.083,4.06E-06,0.1318178,0.90402204,-1.0172106
2024-08-29 18:53:16.431004+00:00,ACTIVE,22.499,18.995,23.037,3.68E-06,0.13365024,0.89731747,-1.0146625
2024-08-29 18:54:16.305179+00:00,ACTIVE,32.664,27.662,17.235,8.88E-06,0.13412006,0.8949361,-1.0223098
2024-08-29 18:55:16.153089+00:00,ACTIVE,27.851,12.108,17.149,5.92E-06,0.13314416,0.9034158,-1.014923
2024-08-29 18:56:16.036996+00:00,ACTIVE,21.575,15.227,18.763,1.69E-06,0.13273233,0.8930844,-1.0123603
2024-08-29 18:57:15.904709+00:00,ACTIVE,21.635,21.289,17.596,7.59E-06,0.13376614,0.89673173,-1.0180867
2024-08-29 18:58:16.773841+00:00,ACTIVE,24.28,17.666,23.204,4.48E-06,0.13412508,0.894682,-1.0159639
2024-08-29 18:59:16.659540+00:00,ACTIVE,6.216,10.344,20.407,3.19E-06,0.13338315,0.91947615,-1.0157793
2024-08-29 19:00:16.647981+00:00,ACTIVE,16.64,15.387,8.225,-1.65E-06,0.13456309,0.90493786,-1.0140061
2024-08-29 19:01:16.552635+00:00,ACTIVE,26.892,22.104,16.671,8.78E-06,0.13308488,0.90066934,-1.0179274
2024-08-29 19:02:16.420308+00:00,ACTIVE,25.845,23.568,18.199,8.97E-06,0.13336572,0.9083252,-1.0173231
2024-08-29 19:03:16.282310+00:00,ACTIVE,18.77,26.218,21.662,2.72E-06,0.13415016,0.9033783,-1.0191991
2024-08-29 19:04:16.179889+00:00,ACTIVE,24.598,16.368,19.207,8.99E-06,0.1330904,0.93213016,-1.0145297
2024-08-29 19:05:16.072559+00:00,ACTIVE,23.035,20.872,21.654,8.00E-06,0.13190654,0.90168893,-1.0238112
2024-08-29 19:06:16.232043+00:00,ACTIVE,17.84,19.187,20.619,1.07E-05,0.13358742,0.9021367,-1.0183111
2024-08-29 19:07:16.138255+00:00,ACTIVE,25.881,16.993,22.767,-1.45E-06,0.13385764,0.9024005,-1.0177178
2024-08-29 19:08:16.039916+00:00,ACTIVE,26.036,19.828,24.176,8.28E-06,0.13274108,0.9034636,-1.0178239
2024-08-29 19:09:15.945127+00:00,ACTIVE,22.731,13.121,19.896,1.52E-05,0.13312882,0.9018557,-1.0207703
2024-08-29 19:10:15.825095+00:00,ACTIVE,19.805,21.92,19.873,1.17E-06,0.1323222,0.90257794,-1.0172224
2024-08-29 19:11:16.700180+00:00,ACTIVE,19.584,34.779,12.328,5.13E-06,0.13326992,0.89193594,-1.0174586
2024-08-29 19:12:16.574456+00:00,ACTIVE,14.459,19.9,21.149,5.23E-06,0.13408074,0.89758575,-1.015771
2024-08-29 19:13:16.459551+00:00,ACTIVE,22.642,16.057,22.358,9.68E-06,0.13366501,0.8996115,-1.0196064
2024-08-29 19:14:16.356878+00:00,ACTIVE,24.823,15.772,28.096,5.85E-06,0.13393742,0.89071155,-1.0151196
2024-08-29 19:15:16.408114+00:00,ACTIVE,24.395,18.6,16.151,4.74E-06,0.06369165,0.8851381,-1.0101852
2024-08-29 19:16:16.301913+00:00,INTERRUPTED,25.496,15.855,21.19,6.64E-06,0.1238803,0.8922942,-1.0179311
2024-08-29 19:17:16.219367+00:00,ACTIVE,24.437,17.038,20.073,4.23E-06,0.13084601,0.8821327,-1.0170178
2024-08-29 19:18:16.155639+00:00,ACTIVE,18.458,25.171,19.615,3.39E-05,0.13096854,0.8916934,-1.0193167
2024-08-29 19:19:16.157814+00:00,ACTIVE,23.02,19.441,22.399,-1.37E-05,0.13218026,0.8896815,-1.0175653
2024-08-29 19:20:16.083695+00:00,ACTIVE,27.387,27.202,21.19,7.35E-06,0.13327156,0.88747257,-1.0175043
2024-08-29 19:21:16.011715+00:00,ACTIVE,25.614,25.975,21.253,8.21E-06,0.13268737,0.88522494,-1.017836
2024-08-29 19:22:15.942408+00:00,ACTIVE,28.203,17.025,22.858,4.46E-06,0.13409917,0.9026885,-1.0189308
2024-08-29 19:23:15.869973+00:00,ACTIVE,30.714,12.792,27.127,8.45E-06,0.13430962,0.88073546,-1.0188332
2024-08-29 19:25:16.751194+00:00,ACTIVE,24.373,24.563,19.683,7.47E-06,0.13549803,0.8918586,-1.0160952
2024-08-29 19:26:16.685871+00:00,ACTIVE,25.458,18.35,22.431,1.25E-05,0.13629512,0.8771957,-1.0166699
2024-08-29 19:27:16.648252+00:00,ACTIVE,29.16,22.105,20.42,9.25E-06,0.13506697,0.8901123,-1.0164502
2024-08-29 19:28:16.555541+00:00,ACTIVE,25.056,26.151,20.452,7.46E-06,0.12456034,0.89540756,-1.0189546
2024-08-29 19:29:16.475986+00:00,INTERRUPTED,26.297,19.841,22.988,5.66E-06,0.09865136,0.87895536,-1.0168545
2024-08-29 19:30:16.351885+00:00,ACTIVE,25.59,28.006,21.727,1.13E-05,0.13281927,0.8718362,-1.0189567
2024-08-29 19:31:16.239367+00:00,ACTIVE,26.053,26.884,27.952,8.38E-06,0.13358179,0.8764297,-1.0195192
2024-08-29 19:32:16.128338+00:00,ACTIVE,25.102,11.999,23.511,9.01E-06,0.13413359,0.88415784,-1.0155023
2024-08-29 19:33:16.011406+00:00,ACTIVE,27.922,19.879,23.055,1.10E-05,0.13376087,0.8919778,-1.0169002
2024-08-29 19:34:15.862125+00:00,ACTIVE,19.797,23.798,22.425,6.61E-06,0.13486393,0.8860141,-1.0181074
2024-08-29 19:35:16.746654+00:00,ACTIVE,30.678,20.693,25.528,9.25E-06,0.13580704,0.91095,-1.0172129
2024-08-29 19:36:16.628260+00:00,ACTIVE,30.25,22.317,25.389,1.33E-05,0.13436964,0.8765091,-1.0181898
2024-08-29 19:37:16.488694+00:00,ACTIVE,21.237,25.739,18.682,8.00E-06,0.13463672,0.88626385,-1.0204749
2024-08-29 19:38:16.338993+00:00,ACTIVE,24.051,18.96,16.521,1.45E-05,0.13264158,0.88513064,-1.0192587
2024-08-29 19:39:16.253513+00:00,ACTIVE,28.175,23.516,26.392,1.03E-05,0.10304699,0.8921941,-1.0196974
2024-08-29 19:40:16.125925+00:00,ACTIVE,20.59,10.176,26.507,1.42E-05,0.13158551,0.90075135,-1.0200498
2024-08-29 19:41:16.025442+00:00,ACTIVE,21.528,23.908,22.049,1.19E-05,0.13296884,0.8805653,-1.0183641
2024-08-29 19:42:15.898421+00:00,ACTIVE,24.485,24.46,17.459,2.79E-05,0.13332106,0.88421214,-1.0171455
2024-08-29 19:43:15.742573+00:00,ACTIVE,20.769,16.24,18.015,-4.64E-06,0.13277054,0.8756486,-1.0182357
2024-08-29 19:45:16.519193+00:00,ACTIVE,21.293,19.096,18.524,4.42E-06,0.13594745,0.8866165,-1.0173509
2024-08-29 19:46:16.394793+00:00,ACTIVE,22.481,20.282,12.61,7.94E-06,0.13504657,0.8793527,-1.0190445
2024-08-29 19:47:16.228749+00:00,ACTIVE,15.983,17.565,26.839,1.15E-05,0.13572298,0.87743527,-1.019939
2024-08-29 19:48:16.134047+00:00,ACTIVE,29.523,19.393,24.557,1.75E-05,0.1351889,0.87173975,-1.0199559
2024-08-29 21:49:04.514257+00:00,READY,3.84,4.831,0.271,-1.73E-08,0.000347196,0.001702504,-0.001809849
2024-08-29 21:50:04.444056+00:00,READY,4.038,5.049,0.27,3.51E-08,0.000333055,0.00136967,-0.001261889
2024-08-29 21:51:04.400660+00:00,READY,3.59,4.939,0.269,-1.47E-08,0.000411462,0.003237885,-0.002941025
2024-08-29 21:52:04.296089+00:00,READY,3.419,5.459,0.277,-1.21E-08,0.000346313,0.002044775,-0.001580276
2024-08-29 21:53:04.198406+00:00,READY,4.331,4.41,0.268,1.27E-08,0.000339067,0.001435896,-0.001317074
2024-08-29 21:54:04.101165+00:00,READY,3.706,4.596,0.276,-4.25E-09,0.000347459,0.001790024,-0.001583522
2024-08-29 21:55:04.961016+00:00,READY,3.712,5.406,0.275,3.97E-10,0.000428321,0.008653846,-0.009380392
2024-08-29 21:56:04.942360+00:00,READY,3.683,5.058,0.275,1.97E-08,0.000482773,0.013880722,-0.011388406
2024-08-29 21:57:04.824280+00:00,READY,4.099,3.669,0.275,-1.15E-08,0.000413445,0.002428718,-0.002647244
2024-08-29 21:58:04.709095+00:00,READY,4.059,4.378,0.277,1.56E-08,0.000528681,0.007601646,-0.009282103
2024-08-29 21:59:04.599320+00:00,READY,3.612,5.365,0.277,3.55E-08,0.000559733,0.007670216,-0.008157725
2024-08-29 22:00:04.459823+00:00,READY,3.615,5.194,0.273,-1.25E-08,0.00060936,0.007469874,-0.007877855
2024-08-29 22:01:04.341162+00:00,READY,3.504,4.735,0.287,-4.84E-08,0.000703237,0.01510339,-0.015762676
2024-08-29 22:02:04.199146+00:00,READY,3.814,4.624,0.28,3.00E-08,0.000608149,0.005515838,-0.005417883
2024-08-29 22:04:04.913455+00:00,READY,3.556,5.002,0.276,1.49E-08,0.000433549,0.007350659,-0.008931537
2024-08-29 22:05:04.755289+00:00,READY,4.631,4.188,0.27,-5.65E-09,0.000542719,0.01068438,-0.009671899
2024-08-29 22:06:04.603872+00:00,READY,3.51,4.549,0.273,1.78E-08,0.000536156,0.004622645,-0.005384513
2024-08-29 22:07:04.444245+00:00,READY,3.659,4.284,0.278,2.51E-09,0.000430823,0.004173878,-0.003653288
2024-08-29 22:08:04.294441+00:00,READY,3.182,5.477,0.269,-4.57E-09,0.000348047,0.001530346,-0.00125149
2024-08-29 22:09:04.146185+00:00,READY,3.924,4.758,0.272,1.85E-08,0.000373128,0.00199367,-0.00182834
2024-08-29 22:10:04.991747+00:00,READY,4.608,3.909,0.274,-3.27E-08,0.000415537,0.006055503,-0.006714715
2024-08-29 22:11:04.857561+00:00,READY,4.267,4.161,0.269,2.72E-09,0.000483439,0.014772644,-0.015222233
2024-08-29 22:12:04.712399+00:00,READY,4.493,3.834,0.272,2.32E-08,0.000461726,0.003816166,-0.003413582
2024-08-29 22:13:04.563276+00:00,READY,4.356,4.186,0.275,-1.79E-08,0.000451691,0.003841597,-0.003705979
2024-08-29 22:14:04.413085+00:00,READY,3.612,5.129,0.282,-5.71E-09,0.000464687,0.007531115,-0.006259489
2024-08-29 22:15:04.295916+00:00,READY,3.663,4.776,0.276,2.30E-08,0.000465651,0.009253342,-0.008382698
2024-08-29 22:16:04.156370+00:00,READY,3.989,4.621,0.274,-1.38E-08,0.000488039,0.006143187,-0.004709487
2024-08-29 22:18:04.966929+00:00,READY,4.079,4.687,0.279,6.32E-09,0.000729582,0.006306538,-0.005793276
2024-08-29 22:19:04.837011+00:00,READY,3.647,5.729,0.268,1.42E-08,0.000665071,0.012300397,-0.014931824
2024-08-29 22:20:04.680553+00:00,READY,3.851,4.967,0.276,2.70E-08,0.000809498,0.0124454,-0.010194138
2024-08-29 22:21:04.555513+00:00,READY,4.397,3.671,0.271,-3.63E-08,0.000622594,0.00941534,-0.012269313
2024-08-29 22:22:04.445538+00:00,READY,3.629,4.16,0.281,3.26E-08,0.000840747,0.010866533,-0.009639581
2024-08-29 22:23:04.293425+00:00,READY,3.712,4.025,0.276,-1.57E-08,0.000397501,0.003003522,-0.002638418
2024-08-29 22:24:04.150683+00:00,READY,4.234,4.362,0.281,-2.51E-08,0.000384807,0.002876641,-0.003321722
2024-08-29 22:26:04.897422+00:00,READY,4.44,4.096,0.278,-3.57E-08,0.000364581,0.001599011,-0.001346507
2024-08-29 22:27:04.762843+00:00,READY,3.596,4.676,0.287,5.70E-08,0.000362986,0.002022887,-0.001682118
2024-08-29 22:28:04.627123+00:00,READY,4.06,4.26,0.285,-1.61E-08,0.000362293,0.001609608,-0.001313086
2024-08-29 22:29:04.520362+00:00,READY,3.571,4.593,0.277,-1.06E-09,0.000365433,0.001788453,-0.001387237
2024-08-29 22:30:04.382101+00:00,READY,4.043,4.827,0.28,1.03E-08,0.000360791,0.001559101,-0.001407628
2024-08-29 22:31:04.270977+00:00,READY,3.825,4.733,0.278,-4.37E-10,0.000363015,0.001536381,-0.001323748
2024-08-29 22:32:04.131158+00:00,READY,4.321,5.057,0.281,4.48E-08,0.000368652,0.001964748,-0.001932863
2024-08-29 22:33:03.995607+00:00,READY,3.674,5.08,0.279,-5.55E-09,0.00036164,0.001552627,-0.001301187
2024-08-29 22:34:04.884247+00:00,READY,3.587,4.596,0.28,1.04E-08,0.000371173,0.001919323,-0.001613745
2024-08-29 22:35:04.832769+00:00,READY,4.367,4.926,0.276,1.15E-08,0.000365905,0.001553667,-0.001487573
2024-08-29 22:36:04.722988+00:00,READY,3.361,4.788,0.273,-2.02E-09,0.000370642,0.001602243,-0.001580945
2024-08-29 22:37:04.604827+00:00,READY,3.339,4.779,0.278,-8.64E-09,0.000367766,0.002087705,-0.001837975
2024-08-29 22:38:04.462219+00:00,READY,3.788,4.648,0.277,1.25E-08,0.000364336,0.001538763,-0.001272906
2024-08-29 22:39:04.309404+00:00,READY,4.331,4.036,0.277,2.55E-08,0.000361998,0.001571981,-0.001408008
2024-08-29 22:40:04.163543+00:00,READY,3.725,4.898,0.285,3.12E-11,0.000364892,0.001640188,-0.00164062
2024-08-29 22:41:04.054787+00:00,READY,4.496,3.478,0.273,1.27E-08,0.000367012,0.00160973,-0.001382043
2024-08-29 22:43:04.866199+00:00,READY,4.441,4.146,0.284,-6.61E-09,0.000372914,0.001585151,-0.001449091
2024-08-29 22:44:04.778590+00:00,READY,3.622,5.54,0.284,3.49E-08,0.00037052,0.001544637,-0.001394573
2024-08-29 22:45:04.660384+00:00,READY,4.082,3.901,0.277,3.38E-08,0.000368686,0.001581796,-0.001338681
2024-08-29 22:46:04.521890+00:00,READY,3.968,4.695,0.279,-2.68E-08,0.00037259,0.001559837,-0.001333837
2024-08-29 22:47:04.371359+00:00,READY,3.968,4.563,0.275,1.06E-08,0.000374468,0.001861893,-0.001898281
2024-08-29 22:48:04.256061+00:00,READY,3.755,5.084,0.28,1.43E-08,0.000370793,0.001662273,-0.001381603
2024-08-29 22:49:04.093525+00:00,READY,3.08,5.619,0.283,5.27E-09,0.000368295,0.001516558,-0.001250193
2024-08-29 22:50:04.147837+00:00,READY,3.785,4.77,0.281,-2.54E-09,0.000372611,0.001647005,-0.00130823
2024-08-29 22:51:04.010625+00:00,READY,4.044,4.089,0.271,4.12E-08,0.000372194,0.00165189,-0.001337949
2024-08-29 22:52:04.907670+00:00,READY,4.195,4.123,0.281,-4.40E-08,0.000371118,0.001932027,-0.001865386
2024-08-29 22:53:04.759430+00:00,READY,4.646,4.1,0.282,1.76E-08,0.000366514,0.001568937,-0.001313625
2024-08-29 22:54:04.617054+00:00,READY,4.187,4.489,0.276,-2.15E-08,0.000368563,0.001551036,-0.001318881
2024-08-29 22:55:04.479963+00:00,READY,4.538,4.585,0.277,-8.07E-09,0.000370572,0.001512102,-0.00139096
2024-08-29 22:56:04.322850+00:00,READY,4.342,4.532,0.286,-2.30E-08,0.000371539,0.001609667,-0.001335367
2024-08-29 22:57:04.208423+00:00,READY,3.639,4.342,0.281,1.96E-08,0.000368702,0.001835404,-0.001902459
2024-08-29 22:58:04.057509+00:00,READY,4.171,4.773,0.271,2.02E-08,0.000367559,0.001513772,-0.00131577
2024-08-29 23:00:04.834338+00:00,READY,4.239,4.364,0.29,-1.76E-08,0.000369319,0.001509112,-0.001462042
2024-08-29 23:01:04.681870+00:00,READY,3.195,4.982,0.279,-2.33E-08,0.000369385,0.001629879,-0.001422155
2024-08-29 23:02:04.552612+00:00,READY,3.555,4.827,0.287,1.27E-09,0.000367431,0.001906124,-0.001880519
2024-08-29 23:03:04.441713+00:00,READY,3.879,4.517,0.283,-2.32E-08,0.000373355,0.001607222,-0.001476125
2024-08-29 23:04:04.298672+00:00,READY,4.261,4.913,0.283,-2.37E-08,0.000369774,0.001592797,-0.001309956
2024-08-29 23:05:04.131123+00:00,READY,3.847,4.865,0.28,-1.62E-08,0.000367748,0.001610308,-0.00136086
2024-08-29 23:06:03.993354+00:00,READY,3.429,4.937,0.288,9.62E-09,0.00037232,0.001536156,-0.001358582
2024-08-29 23:07:04.884694+00:00,READY,3.627,5.053,0.279,-6.31E-09,0.000372937,0.001786957,-0.002029248
2024-08-29 23:08:04.735302+00:00,READY,4.637,3.646,0.284,2.89E-08,0.000367534,0.001574467,-0.001437591
2024-08-29 23:09:04.636881+00:00,READY,3.35,4.815,0.281,1.42E-08,0.000369403,0.001874514,-0.001327027
2024-08-29 23:10:04.514901+00:00,READY,4.238,4.479,0.282,-1.17E-08,0.000375079,0.001653619,-0.001317252
2024-08-29 23:11:04.380905+00:00,READY,3.457,5.099,0.281,1.58E-08,0.000371959,0.001611741,-0.00135574
2024-08-29 23:12:04.226778+00:00,READY,3.265,4.952,0.292,-4.57E-09,0.000373246,0.00202566,-0.002102075
2024-08-29 23:13:04.093804+00:00,READY,4.116,4.238,0.289,-1.91E-09,0.000372807,0.001562695,-0.001352102
2024-08-29 23:14:03.991920+00:00,READY,3.028,5.419,0.281,-3.00E-09,0.000371428,0.001641536,-0.001405845
2024-08-29 23:15:03.915139+00:00,READY,3.963,5.329,0.283,1.57E-08,0.000375106,0.001557156,-0.001427777
2024-08-29 23:16:04.802885+00:00,READY,3.815,4.94,0.28,-1.54E-08,0.000375113,0.001696282,-0.001400984
2024-08-29 23:17:04.687504+00:00,READY,3.786,4.468,0.286,-4.56E-08,0.000373846,0.001882247,-0.002031728
2024-08-29 23:18:04.591424+00:00,READY,3.267,5.033,0.277,1.90E-08,0.000374905,0.001581561,-0.001427407
2024-08-29 23:19:04.527270+00:00,READY,3.594,3.651,0.285,-1.38E-08,0.00037605,0.001699564,-0.001429627
2024-08-29 23:20:04.415185+00:00,READY,3.181,5.605,0.281,-1.17E-08,0.000374185,0.001604372,-0.001443511
2024-08-29 23:21:04.320075+00:00,READY,4.02,4.46,0.291,4.50E-09,0.000374049,0.001675608,-0.001413678
2024-08-29 23:22:04.195426+00:00,READY,4.103,4.038,0.284,3.14E-09,0.000380449,0.002268406,-0.001728556
2024-08-29 23:23:04.068922+00:00,READY,4.316,4.491,0.286,-1.83E-08,0.000370088,0.001658985,-0.001362933
2024-08-29 23:24:03.942678+00:00,READY,3.753,4.36,0.289,1.35E-09,0.000367537,0.00161294,-0.001349228
2024-08-29 23:25:04.807272+00:00,READY,4.527,4.234,0.284,-5.69E-09,0.000377452,0.001795559,-0.001379135
2024-08-29 23:26:04.675706+00:00,READY,3.85,4.981,0.281,2.08E-09,0.000369272,0.001491541,-0.001311147
2024-08-29 23:27:04.567939+00:00,READY,4.114,4.933,0.281,-3.57E-08,0.000379486,0.002230194,-0.002151739
2024-08-29 23:28:04.439438+00:00,READY,3.072,5.055,0.283,5.41E-08,0.000376009,0.001690333,-0.001371368
2024-08-29 23:29:04.297576+00:00,READY,4.407,4.361,0.284,-1.30E-08,0.000374016,0.001702427,-0.00139743
2024-08-29 23:30:04.139024+00:00,READY,4.245,4.348,0.275,1.45E-08,0.000376343,0.001647575,-0.001414129
2024-08-29 23:31:04.063213+00:00,READY,3.064,4.967,0.282,-1.82E-08,0.000377087,0.001694245,-0.001357877
2024-08-29 23:32:03.918141+00:00,READY,3.536,4.709,0.281,-1.73E-08,0.000377304,0.001786609,-0.001433361
2024-08-29 23:33:04.805978+00:00,READY,4.02,4.49,0.281,2.68E-08,0.000376635,0.00176056,-0.001677127
2024-08-29 23:34:04.649861+00:00,READY,3.346,5.494,0.276,1.75E-08,0.000373218,0.001635663,-0.001310204
2024-08-29 23:35:04.526667+00:00,READY,3.577,5.44,0.287,7.58E-10,0.000377123,0.001646236,-0.00141518
2024-08-29 23:36:04.394626+00:00,READY,3.743,4.715,0.302,4.85E-08,0.000375793,0.001737064,-0.001308011
2024-08-29 23:37:04.329101+00:00,READY,4.644,3.992,0.282,-2.34E-08,0.000374999,0.001573157,-0.001405343
2024-08-29 23:38:04.179134+00:00,READY,4.282,3.973,0.279,-2.24E-08,0.00037734,0.001790652,-0.00188187
2024-08-29 23:39:04.045262+00:00,READY,3.946,4.613,0.284,-1.14E-09,0.000376708,0.001677608,-0.00145169
2024-08-29 23:40:03.950376+00:00,READY,3.821,4.501,0.289,6.97E-09,0.000378271,0.001561599,-0.001434312
2024-08-29 23:41:04.826388+00:00,READY,3.371,4.857,0.285,-1.71E-08,0.000381948,0.00159594,-0.001456674
2024-08-29 23:42:04.676358+00:00,READY,4.526,4.424,0.283,1.40E-08,0.000384975,0.001519893,-0.001349934
2024-08-29 23:43:04.548921+00:00,READY,4.369,4.692,0.283,-1.40E-08,0.000383867,0.001873854,-0.002021071
2024-08-29 23:44:04.406437+00:00,READY,4.837,4.379,0.284,-2.20E-09,0.000385498,0.001529367,-0.001419427
2024-08-29 23:45:04.274346+00:00,READY,4.057,4.44,0.284,1.73E-08,0.000379352,0.001530857,-0.001306478
2024-08-29 23:46:04.163729+00:00,READY,3.761,4.843,0.289,-7.03E-10,0.000379888,0.001659785,-0.001473999
2024-08-29 23:47:04.101683+00:00,READY,3.553,4.253,0.292,-2.22E-09,0.000381842,0.001633209,-0.001387412
2024-08-29 23:48:03.967510+00:00,READY,3.669,4.845,0.283,-1.09E-08,0.000390327,0.001987561,-0.00176823
2024-08-29 23:49:03.817637+00:00,READY,3.473,5.007,0.283,4.07E-08,0.000383499,0.001591208,-0.001346578
2024-08-29 23:50:04.692192+00:00,READY,2.708,5.375,0.281,1.58E-08,0.000386627,0.001740872,-0.001420527
2024-08-29 23:51:04.549683+00:00,READY,4.113,5.076,0.287,-2.58E-08,0.000388588,0.001568044,-0.001397695
2024-08-29 23:52:04.428892+00:00,READY,3.856,4.497,0.279,3.42E-08,0.000384365,0.001650225,-0.001383902
2024-08-29 23:53:04.292493+00:00,READY,3.881,4.847,0.285,-2.86E-08,0.000396721,0.003591868,-0.002836437
2024-08-29 23:54:04.146025+00:00,READY,3.23,4.899,0.279,3.52E-08,0.000383361,0.002147016,-0.001494984
2024-08-29 23:55:03.997990+00:00,READY,4.102,3.99,0.283,-5.62E-09,0.000384893,0.001652155,-0.001379973
2024-08-29 23:56:03.860207+00:00,READY,4.124,4.074,0.284,1.39E-10,0.000393424,0.001883668,-0.001899637
2024-08-29 23:57:04.748539+00:00,READY,3.509,5.404,0.281,2.00E-08,0.000394243,0.00166381,-0.001451388
2024-08-29 23:58:04.596295+00:00,READY,3.989,5.016,0.269,-2.80E-08,0.000396216,0.001751366,-0.001458043
2024-08-29 23:59:04.521804+00:00,READY,4.088,4.441,0.293,8.75E-09,0.000393049,0.001595217,-0.001438832
